{"loss": [9.635540008544922, 1.3025940656661987, 0.7249681949615479, 0.5986358523368835, 0.5530103445053101, 0.5329546928405762, 0.5171005129814148, 0.5123202204704285, 0.4973014295101166, 0.4949882924556732, 0.4941677153110504, 0.4883439242839813, 0.4864930212497711, 0.4802567958831787, 0.48061642050743103, 0.47630181908607483, 0.4779212772846222, 0.47428953647613525, 0.4730420410633087, 0.47438547015190125, 0.46752333641052246, 0.46696147322654724, 0.46586257219314575, 0.46260079741477966, 0.46461158990859985, 0.4618295729160309, 0.4610002040863037, 0.464973509311676, 0.45862844586372375, 0.4594879746437073, 0.45930734276771545, 0.4584663212299347, 0.45899805426597595, 0.4584590494632721, 0.45639291405677795, 0.45541268587112427, 0.4559277892112732, 0.45213738083839417, 0.4525083899497986, 0.4539446532726288, 0.45216041803359985, 0.45256876945495605, 0.4522567689418793, 0.4514331817626953, 0.4502696394920349, 0.44558602571487427, 0.4549155831336975, 0.44702666997909546, 0.4440706968307495, 0.44588905572891235], "accuracy": [0.7483204007148743, 0.7692075967788696, 0.7738156914710999, 0.7728251218795776, 0.7746339440345764, 0.772437572479248, 0.7788113951683044, 0.7785529494285583, 0.7858742475509644, 0.7837640047073364, 0.7804909348487854, 0.78652024269104, 0.787424623966217, 0.7893195748329163, 0.7880706191062927, 0.7942290902137756, 0.7889750003814697, 0.7911714315414429, 0.7927648425102234, 0.7915159463882446, 0.7940137982368469, 0.7909560799598694, 0.7973729372024536, 0.7989664077758789, 0.7972437739372253, 0.7962532043457031, 0.796554684638977, 0.7968130707740784, 0.799698531627655, 0.7992247939109802, 0.800602912902832, 0.8002153038978577, 0.7996554970741272, 0.800602912902832, 0.8006890416145325, 0.8015503883361816, 0.7993109226226807, 0.8036606311798096, 0.8043497204780579, 0.8011627793312073, 0.8036606311798096, 0.8049526214599609, 0.8023256063461304, 0.8031868934631348, 0.8052971363067627, 0.8073643445968628, 0.8056417107582092, 0.8078811168670654, 0.8077088594436646, 0.8060292601585388], "val_loss": [2.12654447555542, 0.7928169369697571, 0.5838387608528137, 0.500892698764801, 0.48577696084976196, 0.4778163731098175, 0.46461525559425354, 0.44065797328948975, 0.4342641234397888, 0.43066588044166565, 0.4299603998661041, 0.4227963387966156, 0.43043482303619385, 0.4250667095184326, 0.420477956533432, 0.4268245995044708, 0.41728994250297546, 0.42362460494041443, 0.4100390374660492, 0.4087616801261902, 0.4067310094833374, 0.4102059304714203, 0.40359461307525635, 0.3993023633956909, 0.4026256203651428, 0.413646399974823, 0.4027527868747711, 0.40312498807907104, 0.3993675112724304, 0.4049861431121826, 0.3999243676662445, 0.3985304832458496, 0.39973706007003784, 0.4018115699291229, 0.3952677845954895, 0.39528772234916687, 0.40748000144958496, 0.4011256992816925, 0.39971160888671875, 0.3933091461658478, 0.3904251456260681, 0.3969004452228546, 0.3977958858013153, 0.38955026865005493, 0.3939445912837982, 0.38991454243659973, 0.38979461789131165, 0.38748452067375183, 0.4030902683734894, 0.39636749029159546], "val_accuracy": [0.8043066263198853, 0.8158484101295471, 0.8094745874404907, 0.8184323906898499, 0.8111972212791443, 0.8060292601585388, 0.8098191022872925, 0.8227390050888062, 0.8265288472175598, 0.8291128277778625, 0.828423798084259, 0.8303186893463135, 0.8201550245285034, 0.8265288472175598, 0.8288544416427612, 0.8223944902420044, 0.8278208374977112, 0.8221361041069031, 0.8340224027633667, 0.8322135806083679, 0.8335917592048645, 0.8335917592048645, 0.8355727791786194, 0.8381567597389221, 0.834280788898468, 0.8293712139129639, 0.837295413017273, 0.8399655222892761, 0.8387596607208252, 0.8351421356201172, 0.8371231555938721, 0.8384151458740234, 0.836520254611969, 0.8363479971885681, 0.8397932648658752, 0.8395348787307739, 0.8316968083381653, 0.8353143930435181, 0.8372092843055725, 0.8412575125694275, 0.8406546115875244, 0.841171383857727, 0.8398793935775757, 0.8431524634361267, 0.8390181064605713, 0.8434969782829285, 0.8403100967407227, 0.8455641865730286, 0.8335917592048645, 0.8385874032974243], "time_taken": "3942.88s"}