{"loss": [11.022627830505371, 1.6667819023132324, 0.8125284314155579, 0.6155784726142883, 0.5529322624206543, 0.5217556357383728, 0.5104663968086243, 0.5000753402709961, 0.49097028374671936, 0.4850026071071625, 0.4794493019580841, 0.47828641533851624, 0.4704403579235077, 0.4676462709903717, 0.46607938408851624, 0.46273013949394226, 0.4639691412448883, 0.4596511423587799, 0.45764830708503723, 0.45296502113342285, 0.4529513120651245, 0.45106270909309387, 0.4500732719898224, 0.44992348551750183, 0.4476521611213684, 0.44688430428504944, 0.4443240463733673, 0.44010692834854126, 0.4419138431549072, 0.44348403811454773, 0.436580628156662, 0.436644971370697, 0.4389421045780182, 0.43716782331466675, 0.4368440508842468, 0.4330441951751709, 0.4339953064918518, 0.43254977464675903, 0.4316501319408417, 0.43074238300323486, 0.4298118054866791, 0.43254321813583374, 0.42909181118011475, 0.4339198172092438, 0.4270237684249878, 0.43177253007888794, 0.43169736862182617, 0.42818182706832886, 0.428069144487381, 0.429839164018631], "accuracy": [0.7530146241188049, 0.7730835676193237, 0.7786821722984314, 0.7846683859825134, 0.7885012626647949, 0.7912144660949707, 0.7906545996665955, 0.7913867235183716, 0.7937554121017456, 0.798664927482605, 0.7980189323425293, 0.7989664077758789, 0.8036606311798096, 0.8033591508865356, 0.8055124878883362, 0.8030577301979065, 0.8038328886032104, 0.8071489930152893, 0.8058570027351379, 0.8111972212791443, 0.8090008497238159, 0.8104650974273682, 0.8105512261390686, 0.8108096718788147, 0.8128337860107422, 0.8087855577468872, 0.8121446967124939, 0.8156330585479736, 0.8136520385742188, 0.8132644295692444, 0.8186046481132507, 0.8185616135597229, 0.8134366869926453, 0.8164082765579224, 0.8177863955497742, 0.8198536038398743, 0.8171404004096985, 0.8190352916717529, 0.8178725242614746, 0.8201550245285034, 0.822308361530304, 0.8167527914047241, 0.8204565048217773, 0.8176571726799011, 0.8217484951019287, 0.8190352916717529, 0.8228682279586792, 0.8236433863639832, 0.8245908617973328, 0.8227820992469788], "val_loss": [2.9021213054656982, 0.9704124331474304, 0.6445838809013367, 0.5459548234939575, 0.49769964814186096, 0.4691412150859833, 0.4624006152153015, 0.452767550945282, 0.4566226601600647, 0.44535353779792786, 0.43870076537132263, 0.44066542387008667, 0.44045937061309814, 0.4289557933807373, 0.4233733117580414, 0.42258819937705994, 0.42761677503585815, 0.42555758357048035, 0.4324033558368683, 0.43983224034309387, 0.41555362939834595, 0.4284623861312866, 0.41833579540252686, 0.409780889749527, 0.41187381744384766, 0.4201180636882782, 0.42453208565711975, 0.413444459438324, 0.4098813533782959, 0.40015077590942383, 0.40245574712753296, 0.40761902928352356, 0.40641459822654724, 0.4082835018634796, 0.4067474603652954, 0.4389505088329315, 0.4143466353416443, 0.4024832248687744, 0.40312978625297546, 0.42089998722076416, 0.40594032406806946, 0.40038856863975525, 0.4120890498161316, 0.40158894658088684, 0.40882250666618347, 0.4207507371902466, 0.4021599292755127, 0.4049367308616638, 0.41847676038742065, 0.40312618017196655], "val_accuracy": [0.7900947332382202, 0.8045650124549866, 0.7951765656471252, 0.8037898540496826, 0.8105943202972412, 0.8186046481132507, 0.8152454495429993, 0.8157622814178467, 0.816020667552948, 0.8171404004096985, 0.8221361041069031, 0.8198105096817017, 0.8194659948348999, 0.8270456790924072, 0.829198956489563, 0.8297157883644104, 0.8206718564033508, 0.8219638466835022, 0.8186046481132507, 0.814987063407898, 0.8286821842193604, 0.8258398175239563, 0.8249784708023071, 0.833247184753418, 0.8307493329048157, 0.8234280943870544, 0.8220499753952026, 0.8266149759292603, 0.831438422203064, 0.8364341259002686, 0.8355727791786194, 0.832472026348114, 0.8326442837715149, 0.8334194421768188, 0.8304048180580139, 0.8197243809700012, 0.8267011046409607, 0.8354005217552185, 0.8347975611686707, 0.8231697082519531, 0.8335055708885193, 0.8384151458740234, 0.8270456790924072, 0.8329887986183167, 0.8338501453399658, 0.8236864805221558, 0.8356589078903198, 0.8343669176101685, 0.8242893815040588, 0.8336778879165649], "time_taken": "3048.59s"}