{"loss": [11.10426139831543, 1.995088815689087, 0.977118730545044, 0.7217947840690613, 0.6295673251152039, 0.5969091057777405, 0.5705592632293701, 0.5578464865684509, 0.5464657545089722, 0.5419012308120728, 0.534433126449585, 0.5317517518997192, 0.5276159644126892, 0.5219787359237671, 0.5229514837265015, 0.523441731929779, 0.5180960893630981, 0.5170112252235413, 0.51691734790802, 0.5154269337654114, 0.5130271911621094, 0.509289562702179, 0.5081765651702881, 0.503711462020874, 0.5010688900947571, 0.507706344127655, 0.5023816823959351, 0.502534806728363, 0.5000697374343872, 0.5002844333648682, 0.4990129768848419, 0.4984540343284607, 0.4967406392097473, 0.493541955947876, 0.4980989694595337, 0.4952203929424286, 0.4928516745567322, 0.4914289116859436, 0.49181458353996277, 0.4922577738761902, 0.4913092255592346, 0.48859599232673645, 0.493543416261673, 0.4897000789642334, 0.493912935256958, 0.49303171038627625, 0.48719605803489685, 0.491266667842865, 0.48519566655158997, 0.4892575144767761], "accuracy": [0.721274733543396, 0.7413005828857422, 0.7473298907279968, 0.7533161044120789, 0.7526701092720032, 0.7512488961219788, 0.7533591985702515, 0.7540913224220276, 0.756287693977356, 0.7559431791305542, 0.7612403035163879, 0.7606804370880127, 0.7599483132362366, 0.7670973539352417, 0.7611972689628601, 0.7633936405181885, 0.7683893442153931, 0.7648578882217407, 0.7635658979415894, 0.7636520266532898, 0.7643410563468933, 0.7687768936157227, 0.7680878639221191, 0.7739879488945007, 0.7748062014579773, 0.7709733247756958, 0.7723944783210754, 0.7704134583473206, 0.7720929980278015, 0.7741602063179016, 0.7720499634742737, 0.7752368450164795, 0.7729543447494507, 0.7769595384597778, 0.773212730884552, 0.7742894291877747, 0.7736003398895264, 0.7785529494285583, 0.7794573903083801, 0.7779069542884827, 0.7769595384597778, 0.7780361771583557, 0.7771317958831787, 0.7774763107299805, 0.7768734097480774, 0.7754091024398804, 0.7764427065849304, 0.7747200727462769, 0.7801895141601562, 0.7795865535736084], "val_loss": [3.341627597808838, 1.1906903982162476, 0.7717090249061584, 0.6202086806297302, 0.5831891298294067, 0.555397629737854, 0.520444393157959, 0.516769528388977, 0.5074533820152283, 0.5003663301467896, 0.50150066614151, 0.4996652603149414, 0.4843844175338745, 0.4877176880836487, 0.4819231331348419, 0.48164230585098267, 0.4761727452278137, 0.487334668636322, 0.4823440611362457, 0.48334792256355286, 0.47154325246810913, 0.4736754596233368, 0.4693553149700165, 0.4869063198566437, 0.4653007686138153, 0.46655476093292236, 0.4649043083190918, 0.4858742356300354, 0.4618644714355469, 0.4676661193370819, 0.4617052972316742, 0.4674786925315857, 0.45865634083747864, 0.4635635316371918, 0.45889556407928467, 0.4653884172439575, 0.46719464659690857, 0.4677307605743408, 0.45829662680625916, 0.4543694257736206, 0.45988890528678894, 0.4522465467453003, 0.45498451590538025, 0.45647120475769043, 0.4555641710758209, 0.4512220621109009, 0.45135238766670227, 0.4609454870223999, 0.4493931233882904, 0.45821613073349], "val_accuracy": [0.7778639197349548, 0.7844099998474121, 0.7748492956161499, 0.7855297327041626, 0.7709733247756958, 0.7698535919189453, 0.7882859706878662, 0.782342791557312, 0.7858742475509644, 0.790439248085022, 0.7847545146942139, 0.7847545146942139, 0.7970715165138245, 0.7901808619499207, 0.7962101697921753, 0.7960379123687744, 0.7978466749191284, 0.7867355942726135, 0.7892334461212158, 0.7890611290931702, 0.7987080216407776, 0.7962962985038757, 0.7990525364875793, 0.7839793562889099, 0.8005167841911316, 0.798794150352478, 0.8030146360397339, 0.7869939804077148, 0.8038759827613831, 0.8014642596244812, 0.8017226457595825, 0.8006890416145325, 0.8067183494567871, 0.8020671606063843, 0.8020671606063843, 0.802842378616333, 0.7941429615020752, 0.7944875359535217, 0.8051679730415344, 0.8032730221748352, 0.8068044781684875, 0.8049957156181335, 0.8065460920333862, 0.8021532893180847, 0.8094745874404907, 0.8072351217269897, 0.8070628643035889, 0.7999138832092285, 0.8076658248901367, 0.8037898540496826], "time_taken": "1779.35s"}