{"loss": [10.807045936584473, 1.8408623933792114, 0.9285057783126831, 0.7019481062889099, 0.6233571171760559, 0.5954053401947021, 0.5681037306785583, 0.5483965277671814, 0.5465073585510254, 0.5408859848976135, 0.5338230133056641, 0.5245429873466492, 0.5260564684867859, 0.5221271514892578, 0.5224545001983643, 0.5167717337608337, 0.5117133855819702, 0.51057368516922, 0.5119505524635315, 0.5056555867195129, 0.5008726716041565, 0.5044333934783936, 0.5025795698165894, 0.49853605031967163, 0.500367283821106, 0.4999256432056427, 0.49700993299484253, 0.49465376138687134, 0.49585238099098206, 0.49183154106140137, 0.4953450560569763, 0.4893833100795746, 0.4931606948375702, 0.4940301477909088, 0.49032941460609436, 0.488203227519989, 0.49479514360427856, 0.48813584446907043, 0.48857253789901733, 0.48889482021331787, 0.48481059074401855, 0.4845811724662781, 0.4885806143283844, 0.4848383963108063, 0.48249173164367676, 0.48170047998428345, 0.48763135075569153, 0.4859829246997833, 0.48141196370124817, 0.4798811674118042], "accuracy": [0.7196813225746155, 0.7472867965698242, 0.7506459951400757, 0.7505167722702026, 0.7551679611206055, 0.749870777130127, 0.7520241141319275, 0.7604220509529114, 0.7565891742706299, 0.7587424516677856, 0.7627045512199402, 0.7642980217933655, 0.7640396356582642, 0.7644702792167664, 0.7618432641029358, 0.7689922451972961, 0.7696382403373718, 0.7702842354774475, 0.7680017352104187, 0.7745047211647034, 0.7778639197349548, 0.7722222208976746, 0.7736003398895264, 0.7756675481796265, 0.7748492956161499, 0.7763135433197021, 0.775581419467926, 0.7758828401565552, 0.7754952907562256, 0.7808785438537598, 0.7786390781402588, 0.7838501334190369, 0.7803617715835571, 0.7768734097480774, 0.780404806137085, 0.7812230587005615, 0.7786390781402588, 0.7829457521438599, 0.7844099998474121, 0.7778639197349548, 0.78652024269104, 0.7820844054222107, 0.7770887017250061, 0.7852282524108887, 0.7871231436729431, 0.7844530344009399, 0.7796726822853088, 0.7835917472839355, 0.7832041382789612, 0.7877691388130188], "val_loss": [3.085075855255127, 1.149023413658142, 0.7267926335334778, 0.61680006980896, 0.5765517950057983, 0.5940292477607727, 0.5339534282684326, 0.5231224298477173, 0.5018799304962158, 0.5019153356552124, 0.5123357772827148, 0.49252602458000183, 0.5015884637832642, 0.4995240867137909, 0.5115020871162415, 0.49693557620048523, 0.49731898307800293, 0.48305436968803406, 0.4902881979942322, 0.4789135158061981, 0.47373929619789124, 0.47223740816116333, 0.46931201219558716, 0.4921298325061798, 0.4977598786354065, 0.4714682996273041, 0.49872690439224243, 0.535304605960846, 0.5074314475059509, 0.48184412717819214, 0.46807584166526794, 0.46801942586898804, 0.4945496618747711, 0.47025761008262634, 0.4641853868961334, 0.45893654227256775, 0.4845023453235626, 0.459867388010025, 0.5230937004089355, 0.4648454189300537, 0.4557221829891205, 0.46293890476226807, 0.47167396545410156, 0.4591039717197418, 0.45585504174232483, 0.4562051296234131, 0.4701491892337799, 0.4649181365966797, 0.4540015161037445, 0.46422964334487915], "val_accuracy": [0.7814815044403076, 0.7565891742706299, 0.7837209105491638, 0.7788113951683044, 0.7718346118927002, 0.7403962016105652, 0.7762274146080017, 0.7763135433197021, 0.7871662378311157, 0.7873384952545166, 0.7766580581665039, 0.786391019821167, 0.7806201577186584, 0.7801895141601562, 0.7697674632072449, 0.7801895141601562, 0.7812230587005615, 0.7894918322563171, 0.7826873660087585, 0.7906115651130676, 0.7949181795120239, 0.7949181795120239, 0.7960379123687744, 0.7824289202690125, 0.7763135433197021, 0.792678713798523, 0.7763996720314026, 0.7565891742706299, 0.7676141262054443, 0.7833763957023621, 0.7940568327903748, 0.7930232286453247, 0.7769164443016052, 0.791472852230072, 0.7962101697921753, 0.801033616065979, 0.7813953757286072, 0.7996554970741272, 0.7628768086433411, 0.794745922088623, 0.8004306554794312, 0.7976744174957275, 0.7928509712219238, 0.7990525364875793, 0.8011197447776794, 0.8017226457595825, 0.7921619415283203, 0.7930232286453247, 0.8013781309127808, 0.7942290902137756], "time_taken": "1780.52s"}