{"loss": [9.974056243896484, 1.399188756942749, 0.7471198439598083, 0.5981148481369019, 0.5493841767311096, 0.5314581990242004, 0.51515793800354, 0.5057860016822815, 0.5015423893928528, 0.4968927502632141, 0.4904012680053711, 0.4851340055465698, 0.4849584698677063, 0.4800359904766083, 0.4806267023086548, 0.47427862882614136, 0.47216570377349854, 0.46882760524749756, 0.4718902111053467, 0.4652678072452545, 0.4602349102497101, 0.46327394247055054, 0.46394407749176025, 0.46048828959465027, 0.45854270458221436, 0.46105024218559265, 0.4598180651664734, 0.4569360315799713, 0.457116037607193, 0.45499110221862793, 0.452046662569046, 0.4583207666873932, 0.45361432433128357, 0.4550817310810089, 0.4542117416858673, 0.4533429443836212, 0.4507177472114563, 0.4531964659690857, 0.4467458724975586, 0.4496507942676544, 0.4467204511165619, 0.45113688707351685, 0.4489368498325348, 0.44804415106773376, 0.4468766450881958, 0.4496917724609375, 0.44435232877731323, 0.4463372528553009, 0.44770222902297974, 0.4417656362056732], "accuracy": [0.7433677911758423, 0.7676141262054443, 0.7680447697639465, 0.7727389931678772, 0.7762274146080017, 0.7757967114448547, 0.7816537618637085, 0.7824289202690125, 0.7835056185722351, 0.7853143811225891, 0.785917341709137, 0.7892334461212158, 0.7876830101013184, 0.7908268570899963, 0.7870370149612427, 0.7927218079566956, 0.7951765656471252, 0.795521080493927, 0.7967700362205505, 0.7956072092056274, 0.8031007647514343, 0.8002153038978577, 0.7972868084907532, 0.799095630645752, 0.7999138832092285, 0.7992247939109802, 0.7997416257858276, 0.8031868934631348, 0.8035314679145813, 0.8045650124549866, 0.8056417107582092, 0.8040051460266113, 0.8037898540496826, 0.8047803640365601, 0.8022394776344299, 0.8072782158851624, 0.8043927550315857, 0.8068475723266602, 0.8106804490089417, 0.8081395626068115, 0.8059000968933105, 0.8072782158851624, 0.8072351217269897, 0.8078380823135376, 0.8057708740234375, 0.8046081066131592, 0.8102928400039673, 0.8109819293022156, 0.8087855577468872, 0.8086563348770142], "val_loss": [2.324730396270752, 0.8263518214225769, 0.5684144496917725, 0.4997195601463318, 0.46825912594795227, 0.4478982985019684, 0.44087108969688416, 0.43435370922088623, 0.4489099383354187, 0.4286278784275055, 0.4274255633354187, 0.42328929901123047, 0.4284876883029938, 0.4274528920650482, 0.42728564143180847, 0.4101150333881378, 0.4102107286453247, 0.40676775574684143, 0.4125808775424957, 0.4065166413784027, 0.43867865204811096, 0.42839404940605164, 0.40133199095726013, 0.418606162071228, 0.4190448224544525, 0.4247083067893982, 0.42750608921051025, 0.415202796459198, 0.41303062438964844, 0.3946697413921356, 0.4460006058216095, 0.4010189175605774, 0.39585426449775696, 0.3931191563606262, 0.5107439756393433, 0.40266984701156616, 0.3918011784553528, 0.4047902524471283, 0.4025105834007263, 0.44879385828971863, 0.39834854006767273, 0.3940615952014923, 0.39862895011901855, 0.41715019941329956, 0.39388829469680786, 0.40888795256614685, 0.40219607949256897, 0.3917982578277588, 0.387133926153183, 0.3931816816329956], "val_accuracy": [0.8173126578330994, 0.8140396475791931, 0.82049959897995, 0.8201550245285034, 0.8208441138267517, 0.8246339559555054, 0.8231697082519531, 0.8264427185058594, 0.8113695383071899, 0.827390193939209, 0.823341965675354, 0.8253229856491089, 0.8201550245285034, 0.8185185194015503, 0.8175710439682007, 0.8328165411949158, 0.8334194421768188, 0.831438422203064, 0.8309215903282166, 0.8344530463218689, 0.8089578151702881, 0.8169681429862976, 0.8337640166282654, 0.8221361041069031, 0.8234280943870544, 0.8183462619781494, 0.8174849152565002, 0.8236003518104553, 0.8270456790924072, 0.8400516510009766, 0.8031007647514343, 0.8335055708885193, 0.8371231555938721, 0.8384151458740234, 0.7733849883079529, 0.8321274518966675, 0.8400516510009766, 0.8304048180580139, 0.8347975611686707, 0.8033591508865356, 0.8355727791786194, 0.8377261161804199, 0.8356589078903198, 0.8247200846672058, 0.8385874032974243, 0.8277347087860107, 0.8317829370498657, 0.8419466018676758, 0.842377245426178, 0.8371231555938721], "time_taken": "3958.67s"}