{"loss": [11.250548362731934, 1.6679728031158447, 0.8087095618247986, 0.6160396933555603, 0.550488293170929, 0.5252919793128967, 0.5103389620780945, 0.4984721541404724, 0.4931841790676117, 0.4854150116443634, 0.48203104734420776, 0.47562140226364136, 0.46795475482940674, 0.46761152148246765, 0.4655000865459442, 0.4614305794239044, 0.45640987157821655, 0.4586648643016815, 0.4518532454967499, 0.45309361815452576, 0.4509339928627014, 0.44600042700767517, 0.44723597168922424, 0.44547340273857117, 0.44205695390701294, 0.4417348802089691, 0.4388062059879303, 0.44007408618927, 0.44291526079177856, 0.43383657932281494, 0.4378451108932495, 0.43434521555900574, 0.43108272552490234, 0.4342755675315857, 0.43540942668914795, 0.4329404830932617, 0.4342096447944641, 0.4333559274673462, 0.43076953291893005, 0.43243861198425293, 0.4281534254550934, 0.42683249711990356, 0.43027058243751526, 0.4221111834049225, 0.42484092712402344, 0.4291841685771942, 0.42851534485816956, 0.42195457220077515, 0.42645925283432007, 0.4219268262386322], "accuracy": [0.7509474754333496, 0.7779930830001831, 0.7758398056030273, 0.7808785438537598, 0.7877691388130188, 0.789664089679718, 0.7909991145133972, 0.7951335310935974, 0.794745922088623, 0.7996554970741272, 0.7979328036308289, 0.8002583980560303, 0.8052110075950623, 0.8048233985900879, 0.8040482401847839, 0.8061584830284119, 0.8080533742904663, 0.8077088594436646, 0.8124461770057678, 0.8113695383071899, 0.8108527064323425, 0.8139965534210205, 0.8134797811508179, 0.8118863105773926, 0.818260133266449, 0.8174418807029724, 0.817355751991272, 0.8149440288543701, 0.8143841624259949, 0.8206718564033508, 0.8173126578330994, 0.8206718564033508, 0.8204565048217773, 0.8198966383934021, 0.8180447816848755, 0.820198118686676, 0.8198536038398743, 0.8198966383934021, 0.8201550245285034, 0.8199827671051025, 0.82200688123703, 0.8228682279586792, 0.823212742805481, 0.8271318078041077, 0.8246769905090332, 0.8229543566703796, 0.8235142230987549, 0.8275193572044373, 0.8263134956359863, 0.8288113474845886], "val_loss": [2.9628000259399414, 0.977648138999939, 0.6173096895217896, 0.5293461680412292, 0.4951176643371582, 0.4674000144004822, 0.49118709564208984, 0.45082348585128784, 0.4643757939338684, 0.4391423761844635, 0.45135965943336487, 0.4315268099308014, 0.43418195843696594, 0.4309689700603485, 0.4589197337627411, 0.42229366302490234, 0.42108604311943054, 0.4372997283935547, 0.4115747809410095, 0.4102732837200165, 0.4143978953361511, 0.41296645998954773, 0.4078126549720764, 0.41215625405311584, 0.4140218198299408, 0.4285763204097748, 0.4331375062465668, 0.4191588759422302, 0.4149020314216614, 0.40583133697509766, 0.408460795879364, 0.4111276865005493, 0.40989649295806885, 0.42213159799575806, 0.4191057085990906, 0.40047743916511536, 0.4244886338710785, 0.40209633111953735, 0.41321784257888794, 0.3972116708755493, 0.4201335906982422, 0.3981049954891205, 0.43492305278778076, 0.39877668023109436, 0.40403515100479126, 0.4205045700073242, 0.39674171805381775, 0.39228346943855286, 0.39815154671669006, 0.3953527808189392], "val_accuracy": [0.779500424861908, 0.7969853281974792, 0.8134366869926453, 0.8103359341621399, 0.8108527064323425, 0.8210163712501526, 0.7970715165138245, 0.8202411532402039, 0.8084409832954407, 0.8247200846672058, 0.8142980337142944, 0.8273040652275085, 0.8221361041069031, 0.8234280943870544, 0.8078380823135376, 0.8288544416427612, 0.8290266990661621, 0.816020667552948, 0.8350560069084167, 0.8333333134651184, 0.8304048180580139, 0.8327304124832153, 0.8377261161804199, 0.8316106796264648, 0.8310939073562622, 0.8191214203834534, 0.8166236281394958, 0.8261843323707581, 0.8274763226509094, 0.8368647694587708, 0.8336778879165649, 0.8325581550598145, 0.8323858976364136, 0.8248062133789062, 0.8245478272438049, 0.8403962254524231, 0.824117124080658, 0.8347114324569702, 0.8280792236328125, 0.8381567597389221, 0.8240309953689575, 0.8403100967407227, 0.8161929249763489, 0.8401378393173218, 0.8380706310272217, 0.8252368569374084, 0.8408268690109253, 0.8462532162666321, 0.8406546115875244, 0.8437553644180298], "time_taken": "3094.00s"}