{"loss": [3.283193349838257, 0.48769763112068176, 0.3673461377620697, 0.3423630893230438, 0.3279789090156555, 0.32750198245048523, 0.3117128014564514, 0.3040754497051239, 0.29553481936454773, 0.288280189037323, 0.28485894203186035, 0.27749040722846985, 0.27145275473594666, 0.2629838287830353, 0.25607627630233765, 0.24650052189826965, 0.2425304800271988, 0.23549768328666687, 0.2297356277704239, 0.22501128911972046, 0.21762727200984955, 0.2164178192615509, 0.21295204758644104, 0.2062065303325653, 0.20113824307918549, 0.1989816278219223, 0.18844722211360931, 0.1891939491033554, 0.18108345568180084, 0.17849309742450714, 0.17524486780166626, 0.17130909860134125, 0.1688736528158188, 0.16123045980930328, 0.16262048482894897, 0.15774086117744446, 0.15347008407115936, 0.14675737917423248, 0.15158018469810486, 0.14859361946582794, 0.14232604205608368, 0.13807615637779236, 0.1346602588891983, 0.13773511350154877, 0.12975288927555084, 0.13002514839172363, 0.130378857254982, 0.12529902160167694, 0.1273299604654312, 0.12167106568813324, 0.12293758988380432], "accuracy": [0.7960809469223022, 0.8285960555076599, 0.8372523784637451, 0.8442291021347046, 0.8493109345436096, 0.8481050729751587, 0.8568906188011169, 0.8614987134933472, 0.8679155707359314, 0.872006893157959, 0.8728251457214355, 0.8752799034118652, 0.8810508251190186, 0.8831179738044739, 0.8884151577949524, 0.8906546235084534, 0.8948320150375366, 0.8973729610443115, 0.9009044170379639, 0.9043927788734436, 0.9063307642936707, 0.9075796604156494, 0.9114125967025757, 0.9139534831047058, 0.9152454733848572, 0.9146856069564819, 0.9215331673622131, 0.9216192960739136, 0.9249354004859924, 0.9231696724891663, 0.9275624752044678, 0.9306201338768005, 0.9313522577285767, 0.9341946840286255, 0.932644248008728, 0.9363049268722534, 0.93712317943573, 0.9400086402893066, 0.9377260804176331, 0.9403100609779358, 0.9416881799697876, 0.9453057646751404, 0.9456933736801147, 0.942980170249939, 0.9497416019439697, 0.948492705821991, 0.9475452303886414, 0.9514642357826233, 0.9491817355155945, 0.9512489438056946, 0.9500861167907715], "val_loss": [0.7607098817825317, 0.4072120487689972, 0.3949519991874695, 0.39046230912208557, 0.34973612427711487, 0.3585330545902252, 0.34169384837150574, 0.33919087052345276, 0.46255525946617126, 0.3516632914543152, 0.33812007308006287, 0.3565768301486969, 0.3360193967819214, 0.40424248576164246, 0.3594151735305786, 0.3864515721797943, 0.3485546410083771, 0.376572847366333, 0.3626720607280731, 0.37434226274490356, 0.34582144021987915, 0.3736613988876343, 0.3622060716152191, 0.3868617117404938, 0.37328222393989563, 0.40426549315452576, 0.35287395119667053, 0.3776741921901703, 0.3834340274333954, 0.42220383882522583, 0.429404079914093, 0.4347510039806366, 0.43843573331832886, 0.45223456621170044, 0.43451783061027527, 0.4575154185295105, 0.4321596026420593, 0.4720534384250641, 0.43403252959251404, 0.40305307507514954, 0.42383241653442383, 0.44305160641670227, 0.48554977774620056, 0.4488004446029663, 0.47479861974716187, 0.5007429718971252, 0.4690319001674652, 0.4907059669494629, 0.5182983875274658, 0.528397798538208, 0.5114821195602417], "val_accuracy": [0.7981911897659302, 0.8325581550598145, 0.8257536888122559, 0.8183462619781494, 0.8436692357063293, 0.8374677300453186, 0.8495262861251831, 0.8509044051170349, 0.8116279244422913, 0.8508182764053345, 0.8458225727081299, 0.8472006916999817, 0.8502153158187866, 0.8378122448921204, 0.8451334834098816, 0.8358311653137207, 0.851507306098938, 0.8397932648658752, 0.8459087014198303, 0.8442721962928772, 0.855555534362793, 0.8461670875549316, 0.8506460189819336, 0.8458225727081299, 0.8528854250907898, 0.8487510681152344, 0.8527131676673889, 0.8400516510009766, 0.8447028398513794, 0.8431524634361267, 0.8494401574134827, 0.8467700481414795, 0.8530576825141907, 0.8402239680290222, 0.8397071361541748, 0.8428940773010254, 0.836089551448822, 0.8334194421768188, 0.8421188592910767, 0.8508182764053345, 0.8437553644180298, 0.8417743444442749, 0.8419466018676758, 0.8463393449783325, 0.8476313352584839, 0.8404823541641235, 0.8345391750335693, 0.8454780578613281, 0.8476313352584839, 0.8267872333526611, 0.8338501453399658], "time_taken": "4011.41s"}