{"loss": [3.393949270248413, 0.5057164430618286, 0.3514077961444855, 0.32237571477890015, 0.31383809447288513, 0.29572218656539917, 0.28826606273651123, 0.27671104669570923, 0.2705346345901489, 0.2590108811855316, 0.251000314950943, 0.24409203231334686, 0.235280841588974, 0.22675743699073792, 0.21847222745418549, 0.21496939659118652, 0.20634666085243225, 0.19950801134109497, 0.19513963162899017, 0.18566067516803741, 0.1829928159713745, 0.1769873946905136, 0.17164218425750732, 0.17042306065559387, 0.16267453134059906, 0.15530569851398468, 0.15515770018100739, 0.14518985152244568, 0.14713996648788452, 0.14259931445121765, 0.13950756192207336, 0.13599015772342682, 0.13096164166927338, 0.1275009661912918, 0.1284104436635971, 0.1206199899315834, 0.11691589653491974, 0.11918532103300095, 0.11469150334596634, 0.1141958013176918, 0.10758005082607269, 0.10831127315759659, 0.1085684597492218, 0.10118038952350616, 0.10032776743173599, 0.09993311762809753, 0.09652762115001678], "accuracy": [0.7998707890510559, 0.8343238830566406, 0.8484495878219604, 0.8573643565177917, 0.8585271239280701, 0.8665805459022522, 0.8729974031448364, 0.8787252306938171, 0.8813953399658203, 0.8873385190963745, 0.8898794054985046, 0.8944013714790344, 0.8989233374595642, 0.9018518328666687, 0.9050818085670471, 0.9089577794075012, 0.9125322699546814, 0.9151593446731567, 0.9179155826568604, 0.9203273057937622, 0.9242032766342163, 0.9280361533164978, 0.9305340051651001, 0.9296296238899231, 0.9355297088623047, 0.9383720755577087, 0.9369078278541565, 0.9406115412712097, 0.9405254125595093, 0.9434539079666138, 0.9425495266914368, 0.9449612498283386, 0.9468561410903931, 0.9488372206687927, 0.9486649632453918, 0.9504737257957458, 0.9527562260627747, 0.9547803401947021, 0.9558139443397522, 0.9559862017631531, 0.9575365781784058, 0.958096444606781, 0.9570629000663757, 0.9605942964553833, 0.9609388709068298, 0.9614556431770325, 0.9627045392990112], "val_loss": [0.8104308247566223, 0.4286991059780121, 0.3743731379508972, 0.3748786747455597, 0.3534049689769745, 0.35852721333503723, 0.3546648323535919, 0.37418901920318604, 0.3332344889640808, 0.3732627034187317, 0.3545824885368347, 0.3472575545310974, 0.341116338968277, 0.36770904064178467, 0.36592936515808105, 0.3566955029964447, 0.37269115447998047, 0.41860443353652954, 0.37404417991638184, 0.4463077485561371, 0.3849516808986664, 0.40261343121528625, 0.4016183912754059, 0.41074612736701965, 0.43528053164482117, 0.4045026898384094, 0.42573052644729614, 0.42718780040740967, 0.41839835047721863, 0.46214696764945984, 0.46708640456199646, 0.43491441011428833, 0.4768711030483246, 0.4540448784828186, 0.4138447344303131, 0.4685817360877991, 0.4983908236026764, 0.5266256332397461, 0.48848050832748413, 0.4682200849056244, 0.5326956510543823, 0.4991776645183563, 0.47847071290016174, 0.4960639178752899, 0.5780785083770752, 0.47739744186401367, 0.542733907699585], "val_accuracy": [0.8055124878883362, 0.8220499753952026, 0.8316968083381653, 0.8270456790924072, 0.8345391750335693, 0.842377245426178, 0.8422049880027771, 0.8329026699066162, 0.8478035926818848, 0.8372092843055725, 0.8459087014198303, 0.847459077835083, 0.8445305824279785, 0.8440999388694763, 0.8463393449783325, 0.8441860675811768, 0.8500430583953857, 0.8400516510009766, 0.846425473690033, 0.8329026699066162, 0.8448750972747803, 0.8444444537162781, 0.8442721962928772, 0.8428940773010254, 0.8372092843055725, 0.8390181064605713, 0.845219612121582, 0.8439276218414307, 0.8457364439964294, 0.8428940773010254, 0.8427218198776245, 0.8477174639701843, 0.8372092843055725, 0.8387596607208252, 0.846683919429779, 0.8362618684768677, 0.8395348787307739, 0.8352282643318176, 0.8432385921478271, 0.8387596607208252, 0.841602087020874, 0.8468561768531799, 0.843410849571228, 0.8400516510009766, 0.8401378393173218, 0.8402239680290222, 0.8348837494850159], "time_taken": "2842.63s"}