{"loss": [3.3507697582244873, 0.47417837381362915, 0.3265427350997925, 0.29807206988334656, 0.2814054489135742, 0.26992157101631165, 0.25928619503974915, 0.24611708521842957, 0.24512219429016113, 0.23360033333301544, 0.2283472716808319, 0.21751220524311066, 0.2127639502286911, 0.20511800050735474, 0.19825606048107147, 0.1889617145061493, 0.18661846220493317, 0.179094597697258, 0.17451496422290802, 0.17149841785430908, 0.16308921575546265, 0.15848325192928314, 0.15349110960960388, 0.1473085731267929, 0.1491343230009079, 0.14402858912944794, 0.13718724250793457, 0.13385115563869476, 0.13091537356376648, 0.12673965096473694, 0.12429235875606537, 0.12133469432592392, 0.11386685818433762, 0.11456342786550522, 0.11407289654016495, 0.10822374373674393, 0.11007637530565262, 0.10647709667682648, 0.10140922665596008, 0.09889791160821915, 0.09857034683227539, 0.09438042342662811, 0.09219793230295181, 0.09316342324018478, 0.09139036387205124, 0.0848580151796341, 0.08560482412576675, 0.08394990116357803, 0.08477486670017242, 0.0800611674785614, 0.08007336407899857, 0.07848814874887466, 0.07841833680868149, 0.07579803466796875, 0.07617654651403427, 0.0709255039691925, 0.06955438107252121, 0.06882531195878983, 0.07212965190410614, 0.06718485802412033, 0.0649237185716629, 0.06270791590213776, 0.06396926939487457, 0.06317228078842163, 0.0638454258441925, 0.06405182927846909, 0.05975859984755516, 0.06093212217092514, 0.05783935263752937], "accuracy": [0.8154177665710449, 0.8483204245567322, 0.8614987134933472, 0.8661498427391052, 0.8750215172767639, 0.8803187012672424, 0.885185182094574, 0.8905254006385803, 0.8927217721939087, 0.8977174758911133, 0.9008182883262634, 0.9056416749954224, 0.9072351455688477, 0.9126184582710266, 0.914814829826355, 0.9203703999519348, 0.9214900732040405, 0.9269595146179199, 0.9274762868881226, 0.9293281435966492, 0.9314814805984497, 0.933850109577179, 0.9369939565658569, 0.9405684471130371, 0.9388027787208557, 0.9423341751098633, 0.9445736408233643, 0.9462101459503174, 0.9468131065368652, 0.9496123790740967, 0.949999988079071, 0.952110230922699, 0.9536606669425964, 0.9539190530776978, 0.954952597618103, 0.9550818204879761, 0.9559862017631531, 0.9592161774635315, 0.960465133190155, 0.9624461531639099, 0.9618001580238342, 0.9638673663139343, 0.9638673663139343, 0.9644702672958374, 0.9648148417472839, 0.9673126339912415, 0.9678294658660889, 0.9683032035827637, 0.9671834707260132, 0.9702411890029907, 0.9696813225746155, 0.9711886048316956, 0.9702411890029907, 0.9707579612731934, 0.970370352268219, 0.9727820754051208, 0.9737295508384705, 0.9744616746902466, 0.972739040851593, 0.9748923182487488, 0.9763135313987732, 0.9776055216789246, 0.9750645756721497, 0.9748061895370483, 0.9759690165519714, 0.9767441749572754, 0.9778639078140259, 0.9772179126739502, 0.9782084226608276], "val_loss": [0.8041717410087585, 0.4335717558860779, 0.41943666338920593, 0.3708423376083374, 0.3586856722831726, 0.3555335998535156, 0.35863590240478516, 0.3595240116119385, 0.3789137005805969, 0.37279802560806274, 0.3677327632904053, 0.35893404483795166, 0.4014819264411926, 0.39909106492996216, 0.3937877118587494, 0.43360835313796997, 0.4165738821029663, 0.41484135389328003, 0.45372653007507324, 0.4068038761615753, 0.4400497376918793, 0.4158679246902466, 0.4381585717201233, 0.44007495045661926, 0.4310390055179596, 0.472013920545578, 0.5387542247772217, 0.44568711519241333, 0.44287773966789246, 0.44124066829681396, 0.46110445261001587, 0.4568854868412018, 0.5198425650596619, 0.494636595249176, 0.5533526539802551, 0.5202597379684448, 0.5114745497703552, 0.4972474277019501, 0.45109760761260986, 0.5456776022911072, 0.5108412504196167, 0.5866515636444092, 0.48673707246780396, 0.5635114908218384, 0.5226070284843445, 0.5395442247390747, 0.5997045636177063, 0.5057721734046936, 0.578460156917572, 0.5953086614608765, 0.5266628265380859, 0.5771169066429138, 0.5703153014183044, 0.595836877822876, 0.5628069043159485, 0.629948616027832, 0.6484037041664124, 0.7156949639320374, 0.6127641797065735, 0.6105870008468628, 0.6263437271118164, 0.5665982365608215, 0.6209178566932678, 0.6283704042434692, 0.6194800138473511, 0.6640974879264832, 0.6611343622207642, 0.5935965180397034, 0.621974527835846], "val_accuracy": [0.8117140531539917, 0.8171404004096985, 0.8087855577468872, 0.8345391750335693, 0.8404823541641235, 0.8416882157325745, 0.8419466018676758, 0.8424633741378784, 0.8290266990661621, 0.8378122448921204, 0.8478897213935852, 0.8433247208595276, 0.8415159583091736, 0.8369508981704712, 0.8472868204116821, 0.8448750972747803, 0.8410852551460266, 0.8354005217552185, 0.8385874032974243, 0.8485788106918335, 0.8389319777488708, 0.8440138101577759, 0.8437553644180298, 0.8484926819801331, 0.8376399874687195, 0.8420327305793762, 0.8381567597389221, 0.8445305824279785, 0.8329887986183167, 0.8445305824279785, 0.8422911167144775, 0.8475452065467834, 0.8347975611686707, 0.8358311653137207, 0.8377261161804199, 0.8401378393173218, 0.8435831069946289, 0.8463393449783325, 0.8520241379737854, 0.8442721962928772, 0.8397071361541748, 0.8447028398513794, 0.8425495028495789, 0.832472026348114, 0.8462532162666321, 0.8450473546981812, 0.8349698781967163, 0.8468561768531799, 0.8460809588432312, 0.8340224027633667, 0.8502153158187866, 0.8398793935775757, 0.8459948301315308, 0.8390181064605713, 0.8404823541641235, 0.8409129977226257, 0.8310939073562622, 0.833247184753418, 0.8388458490371704, 0.8409129977226257, 0.8396210074424744, 0.8409991264343262, 0.8422049880027771, 0.8389319777488708, 0.8398793935775757, 0.8350560069084167, 0.8387596607208252, 0.8453058004379272, 0.8354005217552185], "time_taken": "4164.04s"}