{"loss": [3.3595871925354004, 0.5407707095146179, 0.38935592770576477, 0.3573615550994873, 0.34707877039909363, 0.33460795879364014, 0.33095529675483704, 0.32236260175704956, 0.3178882598876953, 0.3154842257499695, 0.3095909357070923, 0.30566972494125366, 0.3013284206390381, 0.29829415678977966, 0.2909073531627655, 0.2889101803302765, 0.28344058990478516, 0.2788868844509125, 0.27443432807922363, 0.26955777406692505, 0.263460248708725, 0.2625977694988251, 0.25968316197395325, 0.2597430348396301, 0.2528984844684601, 0.24977663159370422, 0.24651776254177094, 0.24374045431613922, 0.2350786328315735, 0.23694844543933868, 0.23215128481388092, 0.23028326034545898, 0.2279665470123291, 0.22730842232704163, 0.21916061639785767, 0.21637128293514252, 0.2134893834590912, 0.21228374540805817, 0.2087755799293518, 0.20070107281208038, 0.1987329125404358, 0.19866174459457397, 0.1968090683221817, 0.1888706386089325, 0.19098065793514252, 0.19120658934116364, 0.18358884751796722, 0.18212373554706573, 0.18476013839244843, 0.1726321578025818, 0.1698651760816574, 0.16703037917613983, 0.17140823602676392, 0.16751883924007416, 0.16283534467220306, 0.16339440643787384, 0.16163383424282074, 0.15940970182418823, 0.15533871948719025, 0.15614166855812073], "accuracy": [0.7885443568229675, 0.8186477422714233, 0.8278639316558838, 0.8348406553268433, 0.837553858757019, 0.845650315284729, 0.8461670875549316, 0.8500430583953857, 0.8511627912521362, 0.8534883856773376, 0.8552541136741638, 0.8587855100631714, 0.8605082035064697, 0.8628337383270264, 0.8658484220504761, 0.8677864074707031, 0.8713608980178833, 0.8734281063079834, 0.8749784827232361, 0.8776485919952393, 0.8830318450927734, 0.8807063102722168, 0.8822997212409973, 0.8848406672477722, 0.8864341378211975, 0.8895348906517029, 0.8914297819137573, 0.893410861492157, 0.8956933617591858, 0.894444465637207, 0.8995693325996399, 0.9003445506095886, 0.9001291990280151, 0.9010766744613647, 0.905684769153595, 0.9064599275588989, 0.9086563587188721, 0.9081826210021973, 0.9096899032592773, 0.9157622456550598, 0.9141257405281067, 0.9140396118164062, 0.9173988103866577, 0.9210163354873657, 0.9167097210884094, 0.9181739687919617, 0.9236434102058411, 0.9241601824760437, 0.9240310192108154, 0.9262704849243164, 0.9297588467597961, 0.9305770993232727, 0.9300172328948975, 0.9306632280349731, 0.9325581192970276, 0.9301894903182983, 0.9324289560317993, 0.9340223670005798, 0.9369509220123291, 0.9354005455970764], "val_loss": [0.9151771664619446, 0.4882787764072418, 0.43933549523353577, 0.4550473093986511, 0.46314120292663574, 0.4197049140930176, 0.5053289532661438, 0.42868974804878235, 0.42479243874549866, 0.4143466353416443, 0.42477747797966003, 0.4161558747291565, 0.46819648146629333, 0.40507954359054565, 0.42846107482910156, 0.407321959733963, 0.4110884964466095, 0.42067649960517883, 0.4026493430137634, 0.4107113182544708, 0.4098735451698303, 0.4338020086288452, 0.4073214828968048, 0.41219741106033325, 0.40838366746902466, 0.4363381862640381, 0.41384679079055786, 0.40244579315185547, 0.4537901282310486, 0.4227083623409271, 0.4193732440471649, 0.44207528233528137, 0.43730998039245605, 0.42428165674209595, 0.42406487464904785, 0.43744346499443054, 0.45052117109298706, 0.4696711003780365, 0.44540098309516907, 0.43529146909713745, 0.47780394554138184, 0.46868252754211426, 0.4473457336425781, 0.5206167101860046, 0.4409632682800293, 0.47076910734176636, 0.46163472533226013, 0.60056471824646, 0.48882371187210083, 0.4961208701133728, 0.4679616391658783, 0.5836476683616638, 0.5361354351043701, 0.4921351373195648, 0.5087939500808716, 0.5711561441421509, 0.49872609972953796, 0.531183660030365, 0.5142199397087097, 0.559753954410553], "val_accuracy": [0.7457364201545715, 0.7974160313606262, 0.7990525364875793, 0.7875107526779175, 0.7683893442153931, 0.805081844329834, 0.7527993321418762, 0.8023256063461304, 0.8035314679145813, 0.8081825971603394, 0.8025839924812317, 0.8130921721458435, 0.768130898475647, 0.8136950731277466, 0.7998277544975281, 0.8136089444160461, 0.8117140531539917, 0.8139534592628479, 0.8172265291213989, 0.8161929249763489, 0.8202411532402039, 0.8149009346961975, 0.8183462619781494, 0.8171404004096985, 0.8159345388412476, 0.7968991994857788, 0.8121446967124939, 0.8161067962646484, 0.810163676738739, 0.8214470148086548, 0.8153316378593445, 0.8123169541358948, 0.8187769055366516, 0.8093884587287903, 0.8168820142745972, 0.8145564198493958, 0.8066322207450867, 0.8148148059844971, 0.8118001818656921, 0.8107665777206421, 0.8042204976081848, 0.8117140531539917, 0.8156761527061462, 0.7987080216407776, 0.8140396475791931, 0.8099913597106934, 0.8126614689826965, 0.7892334461212158, 0.8112833499908447, 0.8136089444160461, 0.8081825971603394, 0.8071489930152893, 0.8049957156181335, 0.8144702911376953, 0.8042204976081848, 0.7925064563751221, 0.8108527064323425, 0.8055124878883362, 0.8060292601585388, 0.7913005948066711], "time_taken": "2134.50s"}