{"loss": [3.280168294906616, 0.4731283485889435, 0.34175291657447815, 0.31357821822166443, 0.3037998378276825, 0.2934519052505493, 0.283539742231369, 0.27630308270454407, 0.26895004510879517, 0.2641189694404602, 0.2580699026584625, 0.2547604739665985, 0.24397067725658417, 0.23917455971240997, 0.23217572271823883, 0.2287215292453766, 0.22281545400619507, 0.21528171002864838, 0.20807163417339325, 0.20887860655784607, 0.19978515803813934, 0.19187048077583313, 0.19356435537338257, 0.1864790916442871, 0.1849835216999054, 0.17615865170955658, 0.1726619452238083, 0.17114663124084473, 0.16467005014419556, 0.16507579386234283, 0.1564921885728836, 0.15591149032115936, 0.15023136138916016, 0.1463877111673355, 0.1417568475008011, 0.1419948786497116, 0.14237695932388306, 0.13679718971252441, 0.12859481573104858, 0.128363698720932, 0.12495619803667068, 0.12718090415000916, 0.12211235612630844, 0.1205783411860466, 0.12011267989873886, 0.12080102413892746, 0.1076175794005394, 0.11008486151695251, 0.10966618359088898, 0.10812026262283325, 0.10480983555316925, 0.10322601348161697, 0.10769621282815933, 0.09673673659563065, 0.10286339372396469, 0.09569122642278671, 0.09664048254489899, 0.09575040638446808, 0.09535717219114304, 0.0945688784122467, 0.08775944262742996, 0.08647476881742477, 0.0895664393901825, 0.08344636857509613], "accuracy": [0.8133936524391174, 0.8428509831428528, 0.8504306674003601, 0.8564599752426147, 0.8612403273582458, 0.8646425604820251, 0.8694660067558289, 0.8757967352867126, 0.8796296119689941, 0.8809646964073181, 0.8831610679626465, 0.8872092962265015, 0.8923772573471069, 0.8935831189155579, 0.898061990737915, 0.9014211893081665, 0.9031007885932922, 0.9072781801223755, 0.910637378692627, 0.9086993932723999, 0.9158914685249329, 0.9173988103866577, 0.9161929488182068, 0.9217485189437866, 0.9220069050788879, 0.9262273907661438, 0.9283376336097717, 0.9298449754714966, 0.9332041144371033, 0.9319982528686523, 0.9344961047172546, 0.9367786645889282, 0.9391472935676575, 0.939362645149231, 0.9431524276733398, 0.941171407699585, 0.9434108734130859, 0.9435831308364868, 0.9467700123786926, 0.9488802552223206, 0.9505168199539185, 0.9490525126457214, 0.9514642357826233, 0.9521963596343994, 0.9529284834861755, 0.9517657160758972, 0.9583979249000549, 0.9568905830383301, 0.9568905830383301, 0.9571059346199036, 0.9592161774635315, 0.9614556431770325, 0.9586132764816284, 0.963608980178833, 0.9611541628837585, 0.9627476334571838, 0.9637812376022339, 0.9621016383171082, 0.9634366631507874, 0.9638242721557617, 0.9666666388511658, 0.9659345149993896, 0.9647286534309387, 0.9682601094245911], "val_loss": [0.7562514543533325, 0.4615102708339691, 0.379938542842865, 0.36571916937828064, 0.3588751554489136, 0.3970564901828766, 0.3490156829357147, 0.3471565842628479, 0.4659881293773651, 0.34385812282562256, 0.34522759914398193, 0.3611826002597809, 0.40620318055152893, 0.4235822260379791, 0.3538725674152374, 0.35156702995300293, 0.42712271213531494, 0.3816775977611542, 0.3902842402458191, 0.3585919439792633, 0.47081685066223145, 0.393276184797287, 0.42212629318237305, 0.41042616963386536, 0.4149475395679474, 0.3987067937850952, 0.42112016677856445, 0.3796309232711792, 0.4312132000923157, 0.43263378739356995, 0.42640599608421326, 0.42222216725349426, 0.4176395833492279, 0.42438024282455444, 0.5323908925056458, 0.43761351704597473, 0.4114261567592621, 0.45711079239845276, 0.48972728848457336, 0.47238093614578247, 0.41716742515563965, 0.44152164459228516, 0.4918096959590912, 0.4448321759700775, 0.4754349887371063, 0.46750015020370483, 0.46888142824172974, 0.5047338604927063, 0.5283825397491455, 0.48851871490478516, 0.539840817451477, 0.4997188150882721, 0.46150752902030945, 0.5438635945320129, 0.4914989471435547, 0.5351349115371704, 0.5252373814582825, 0.521645724773407, 0.4981927275657654, 0.5130240321159363, 0.5288437008857727, 0.5382908582687378, 0.5677726864814758, 0.5439447164535522], "val_accuracy": [0.8238587379455566, 0.8167097568511963, 0.830232560634613, 0.8390181064605713, 0.8338501453399658, 0.8245478272438049, 0.8484926819801331, 0.845219612121582, 0.8105081915855408, 0.8473729491233826, 0.8459087014198303, 0.8436692357063293, 0.8313522934913635, 0.8370370268821716, 0.8424633741378784, 0.8444444537162781, 0.8263565897941589, 0.8378983736038208, 0.841171383857727, 0.8497846722602844, 0.8236864805221558, 0.841602087020874, 0.8333333134651184, 0.8425495028495789, 0.8478035926818848, 0.844616711139679, 0.8522825241088867, 0.8457364439964294, 0.842807948589325, 0.8303186893463135, 0.8369508981704712, 0.8399655222892761, 0.842377245426178, 0.8550387620925903, 0.8317829370498657, 0.8436692357063293, 0.8415159583091736, 0.8369508981704712, 0.8356589078903198, 0.8381567597389221, 0.8491817116737366, 0.8453919291496277, 0.8409129977226257, 0.8461670875549316, 0.8534022569656372, 0.842377245426178, 0.8409991264343262, 0.8422911167144775, 0.8398793935775757, 0.8414298295974731, 0.8409991264343262, 0.8392764925956726, 0.8431524634361267, 0.8412575125694275, 0.8455641865730286, 0.8435831069946289, 0.8428940773010254, 0.8377261161804199, 0.8465116024017334, 0.8418604731559753, 0.8404823541641235, 0.8450473546981812, 0.8421188592910767, 0.8434969782829285], "time_taken": "5040.51s"}