{"loss": [0.5316460728645325, 0.4905979037284851, 0.4816260039806366, 0.4731081426143646, 0.46849605441093445, 0.4608747661113739, 0.4581177830696106, 0.45748159289360046, 0.4486635625362396, 0.44672074913978577, 0.4473731517791748, 0.4396689832210541, 0.43912407755851746, 0.4355867803096771, 0.43400728702545166, 0.4334602952003479, 0.42992913722991943, 0.42842036485671997, 0.425217866897583, 0.4206710457801819, 0.4208762049674988, 0.4175584316253662, 0.4174136519432068, 0.4166293442249298, 0.41265395283699036, 0.4111187756061554, 0.4125783443450928, 0.40853360295295715, 0.40604084730148315, 0.40651649236679077, 0.4001771807670593, 0.3995162844657898, 0.39945656061172485, 0.39714115858078003, 0.3932577669620514, 0.39566338062286377, 0.38863423466682434, 0.3914293944835663, 0.38482293486595154, 0.3840237557888031, 0.3831828832626343, 0.3839184641838074, 0.3817775249481201, 0.3813055753707886, 0.37800565361976624, 0.3762415647506714, 0.36999502778053284, 0.3728134036064148, 0.36840179562568665, 0.3703566789627075], "accuracy": [0.7246261835098267, 0.7565975189208984, 0.7588713765144348, 0.7642114162445068, 0.7691380381584167, 0.7752704620361328, 0.7767518758773804, 0.7739957571029663, 0.7817129492759705, 0.7828153967857361, 0.7817129492759705, 0.7892234325408936, 0.7870874404907227, 0.789120078086853, 0.7909116148948669, 0.7921174168586731, 0.7933921217918396, 0.7938055396080017, 0.7966995239257812, 0.8002135753631592, 0.7998690605163574, 0.8007304072380066, 0.7996279001235962, 0.8029008507728577, 0.8032109141349792, 0.8064838647842407, 0.8031075596809387, 0.8062082529067993, 0.8061738014221191, 0.8043822646141052, 0.810652494430542, 0.8124095797538757, 0.8129952549934387, 0.8119961619377136, 0.8160614371299744, 0.8145800232887268, 0.8176462650299072, 0.8196444511413574, 0.8212636709213257, 0.8203679323196411, 0.8210914134979248, 0.8195066452026367, 0.8220905661582947, 0.8228484988212585, 0.8228484988212585, 0.8259146809577942, 0.8289120197296143, 0.8280162811279297, 0.8315647840499878, 0.8277751207351685], "val_loss": [0.4664457440376282, 0.45797088742256165, 0.4407731592655182, 0.433657169342041, 0.4273277819156647, 0.4394683837890625, 0.42735040187835693, 0.42094624042510986, 0.4368862509727478, 0.4259728491306305, 0.4224730134010315, 0.41292598843574524, 0.42176318168640137, 0.4147360324859619, 0.4210784137248993, 0.4398197829723358, 0.4095914959907532, 0.4157455265522003, 0.4076230227947235, 0.4218534231185913, 0.411815881729126, 0.3998751938343048, 0.39810654520988464, 0.3981291651725769, 0.40240198373794556, 0.399640828371048, 0.4045693576335907, 0.39782583713531494, 0.40691956877708435, 0.40633177757263184, 0.39819225668907166, 0.4147206246852875, 0.40168318152427673, 0.3977242112159729, 0.41865307092666626, 0.41284745931625366, 0.39887121319770813, 0.40532416105270386, 0.397533118724823, 0.4122216999530792, 0.41841772198677063, 0.42825353145599365, 0.396305650472641, 0.40660449862480164, 0.41462284326553345, 0.39884984493255615, 0.39859694242477417, 0.40195584297180176, 0.4160825312137604, 0.4000622034072876], "val_accuracy": [0.7719637751579285, 0.7741389870643616, 0.7896072268486023, 0.7919033169746399, 0.7983081340789795, 0.7905740141868591, 0.7977039217948914, 0.8029003143310547, 0.7950453162193298, 0.7960121035575867, 0.7974622249603271, 0.8074924349784851, 0.7997583150863647, 0.8027794361114502, 0.7980664372444153, 0.7963746190071106, 0.8071299195289612, 0.8047130107879639, 0.804108738899231, 0.8003625273704529, 0.810634434223175, 0.8103927373886108, 0.8124471306800842, 0.8164350390434265, 0.8097885251045227, 0.813776433467865, 0.805317223072052, 0.8088217377662659, 0.8061631321907043, 0.8066465258598328, 0.8114803433418274, 0.7989124059677124, 0.8108761310577393, 0.8105136156082153, 0.8054380416870117, 0.8077341318130493, 0.8152266144752502, 0.8072507381439209, 0.8128096461296082, 0.8061631321907043, 0.8020544052124023, 0.798429012298584, 0.8138972520828247, 0.8120846152305603, 0.8091843128204346, 0.8159516453742981, 0.8138972520828247, 0.813776433467865, 0.8067673444747925, 0.812567949295044]}