{"loss": [0.48381564021110535, 0.4422459602355957, 0.4237912893295288, 0.4132535755634308, 0.39908313751220703, 0.39771026372909546, 0.3875645697116852, 0.384354829788208, 0.37798911333084106, 0.3679461181163788, 0.36418843269348145, 0.36029112339019775, 0.3564167618751526, 0.3506603240966797, 0.34313806891441345, 0.34021058678627014, 0.3347570300102234, 0.33255520462989807, 0.33057862520217896, 0.32398179173469543, 0.31937849521636963, 0.3149438500404358, 0.3081958293914795, 0.3039167821407318, 0.3067222237586975, 0.2994880974292755, 0.29564017057418823, 0.2945914566516876, 0.28594136238098145, 0.2832482159137726, 0.27748414874076843, 0.2769568860530853, 0.27286767959594727, 0.2701228857040405, 0.2662648856639862, 0.26319459080696106, 0.2619231343269348, 0.25889667868614197, 0.2563816010951996, 0.24864280223846436, 0.2456584870815277, 0.24896720051765442, 0.23521144688129425, 0.2405717819929123, 0.23404455184936523, 0.23660533130168915, 0.22920386493206024, 0.22612109780311584, 0.22902101278305054, 0.22254975140094757], "accuracy": [0.7579066753387451, 0.7842623591423035, 0.7985599040985107, 0.8017639517784119, 0.8122373223304749, 0.8120306134223938, 0.8184386491775513, 0.819368839263916, 0.8231930136680603, 0.8313236236572266, 0.8314614295959473, 0.8331151604652405, 0.8364225029945374, 0.8393164873123169, 0.8457589745521545, 0.8473781943321228, 0.8464135527610779, 0.8502377271652222, 0.8504444360733032, 0.8531316518783569, 0.8562323451042175, 0.859505295753479, 0.8620202541351318, 0.863811731338501, 0.8630193471908569, 0.8671191334724426, 0.8671535849571228, 0.8700820207595825, 0.8740439414978027, 0.8761110901832581, 0.8782815337181091, 0.8796940445899963, 0.8804175853729248, 0.8810721635818481, 0.8813477754592896, 0.884172797203064, 0.8844828605651855, 0.8875146508216858, 0.8898918032646179, 0.8928202390670776, 0.8919934034347534, 0.8934403657913208, 0.8984358906745911, 0.8963688015937805, 0.9002962708473206, 0.8985047936439514, 0.902776837348938, 0.9021567106246948, 0.9024323225021362, 0.9056363105773926], "val_loss": [0.40266966819763184, 0.3804599344730377, 0.3673107326030731, 0.3867463171482086, 0.3608981966972351, 0.3701862692832947, 0.3451871871948242, 0.3740972876548767, 0.34832343459129333, 0.35833486914634705, 0.3452111780643463, 0.34492433071136475, 0.3366276025772095, 0.3300645351409912, 0.3375619947910309, 0.3387151062488556, 0.3448507785797119, 0.33113041520118713, 0.32280683517456055, 0.3358691930770874, 0.3451307415962219, 0.33752909302711487, 0.3280964493751526, 0.3680926263332367, 0.34373679757118225, 0.33237338066101074, 0.3316398859024048, 0.34944948554039, 0.33842775225639343, 0.3447152078151703, 0.35821282863616943, 0.35544878244400024, 0.3400707542896271, 0.346474289894104, 0.3386867344379425, 0.3507533371448517, 0.3551951050758362, 0.3542236089706421, 0.3627626299858093, 0.33907607197761536, 0.3643791675567627, 0.3578953444957733, 0.3833737075328827, 0.3662089705467224, 0.3866043984889984, 0.3647730052471161, 0.3644002676010132, 0.37746429443359375, 0.3833959996700287, 0.3741673529148102], "val_accuracy": [0.8111178278923035, 0.8240483403205872, 0.8328700661659241, 0.8189728260040283, 0.8372205495834351, 0.8270694613456726, 0.8407250642776489, 0.8217522501945496, 0.8425377607345581, 0.8362537622451782, 0.8384289741516113, 0.846042275428772, 0.8494259715080261, 0.8528096675872803, 0.8484592437744141, 0.8489425778388977, 0.8420543670654297, 0.8520845770835876, 0.8547431826591492, 0.8494259715080261, 0.8454380631446838, 0.8530513644218445, 0.8605437874794006, 0.8348036408424377, 0.8438670635223389, 0.8534138798713684, 0.8560724854469299, 0.8470090627670288, 0.8524471521377563, 0.8520845770835876, 0.8339577317237854, 0.8430211544036865, 0.8485800623893738, 0.8479758501052856, 0.8505135774612427, 0.8526888489723206, 0.8448338508605957, 0.8487008810043335, 0.8497885465621948, 0.8534138798713684, 0.8494259715080261, 0.8532930612564087, 0.8493051528930664, 0.8461631536483765, 0.8397583365440369, 0.8530513644218445, 0.8519637584686279, 0.8479758501052856, 0.8453172445297241, 0.8483383655548096]}