{"loss": [0.48794129490852356, 0.45469021797180176, 0.44407162070274353, 0.4296136498451233, 0.4278300702571869, 0.4221433699131012, 0.410595566034317, 0.4067274034023285, 0.40629851818084717, 0.3998854458332062, 0.3937493860721588, 0.3931514620780945, 0.39330530166625977, 0.3895491063594818, 0.38643932342529297, 0.37948334217071533, 0.3806763291358948, 0.3739616572856903, 0.37349599599838257, 0.36811745166778564, 0.36800986528396606, 0.3643874228000641, 0.35757967829704285, 0.36321598291397095, 0.3582025170326233, 0.35368871688842773, 0.34870782494544983, 0.35058504343032837, 0.3463701009750366, 0.34431102871894836, 0.34252214431762695, 0.3436826169490814, 0.33651378750801086, 0.33854803442955017, 0.33329471945762634, 0.3333069980144501, 0.32980796694755554, 0.3276812732219696, 0.32708215713500977, 0.32057029008865356, 0.3184652626514435, 0.32162365317344666, 0.31459686160087585, 0.3160932660102844, 0.30932724475860596, 0.30897796154022217, 0.30752918124198914, 0.30493420362472534, 0.3063433766365051, 0.302582323551178], "accuracy": [0.7567353248596191, 0.7776131629943848, 0.7830910086631775, 0.7935988306999207, 0.7946323752403259, 0.7979053258895874, 0.8034520745277405, 0.809481143951416, 0.8077585697174072, 0.8106180429458618, 0.8153379559516907, 0.8152346014976501, 0.8151656985282898, 0.8172672986984253, 0.817611813545227, 0.821332573890686, 0.8214014768600464, 0.8262936472892761, 0.8278095722198486, 0.8311169147491455, 0.8302556276321411, 0.8317025899887085, 0.8380762338638306, 0.8326672911643982, 0.8375938534736633, 0.8382829427719116, 0.8408323526382446, 0.8379039764404297, 0.8423826694488525, 0.842072606086731, 0.8448976874351501, 0.8440364003181458, 0.847412645816803, 0.8467925190925598, 0.8489974737167358, 0.8489974737167358, 0.8521325588226318, 0.8534417152404785, 0.8547164797782898, 0.8564735054969788, 0.8558189272880554, 0.8544408679008484, 0.857886016368866, 0.8578171133995056, 0.8619513511657715, 0.862054705619812, 0.8623647689819336, 0.8643630146980286, 0.8637083768844604, 0.8648797869682312], "val_loss": [0.4189479649066925, 0.41816768050193787, 0.3728620409965515, 0.40456369519233704, 0.40610232949256897, 0.38464781641960144, 0.3815116584300995, 0.35587865114212036, 0.35536012053489685, 0.34082645177841187, 0.3428754508495331, 0.3579113483428955, 0.3576759696006775, 0.3518306612968445, 0.356406569480896, 0.33446571230888367, 0.33383503556251526, 0.35136035084724426, 0.3322117030620575, 0.3483654260635376, 0.32610899209976196, 0.35599786043167114, 0.35186105966567993, 0.32782018184661865, 0.33366432785987854, 0.3389267325401306, 0.3263273537158966, 0.33966517448425293, 0.34403347969055176, 0.3323630094528198, 0.3491293489933014, 0.34687238931655884, 0.35978391766548157, 0.334013968706131, 0.3288509249687195, 0.34459275007247925, 0.328998327255249, 0.33671310544013977, 0.35280323028564453, 0.36529791355133057, 0.33175209164619446, 0.3363054394721985, 0.3396500051021576, 0.33695825934410095, 0.33804139494895935, 0.3414001762866974, 0.3609143793582916, 0.35571038722991943, 0.3446633517742157, 0.4006538987159729], "val_accuracy": [0.7964954972267151, 0.7992749214172363, 0.8287613391876221, 0.8032628297805786, 0.8067673444747925, 0.8216314315795898, 0.8199395537376404, 0.8379456400871277, 0.8364954590797424, 0.8530513644218445, 0.844471275806427, 0.836012065410614, 0.835045337677002, 0.8364954590797424, 0.8358912467956543, 0.8501510620117188, 0.848821759223938, 0.8374622464179993, 0.8530513644218445, 0.8439879417419434, 0.8552265763282776, 0.8422960638999939, 0.8362537622451782, 0.8575226664543152, 0.8485800623893738, 0.8443504571914673, 0.8559516668319702, 0.8493051528930664, 0.8454380631446838, 0.8509969711303711, 0.8393957614898682, 0.8442295789718628, 0.8384289741516113, 0.8542597889900208, 0.85293048620224, 0.842900276184082, 0.8552265763282776, 0.8466465473175049, 0.8392749428749084, 0.835045337677002, 0.8535347580909729, 0.8480966687202454, 0.8506344556808472, 0.8496676683425903, 0.8491842746734619, 0.8471298813819885, 0.8433836698532104, 0.8447129726409912, 0.8448338508605957, 0.8216314315795898]}