{"loss": [11.064922332763672, 1.9624037742614746, 0.9660115242004395, 0.714561939239502, 0.634904146194458, 0.5913968086242676, 0.5697987675666809, 0.5572627186775208, 0.5477200150489807, 0.5378618240356445, 0.537763237953186, 0.5325750112533569, 0.5270881056785583, 0.5254436731338501, 0.514862596988678, 0.5187978744506836, 0.5156650543212891, 0.5145857334136963, 0.5099329352378845, 0.5105082392692566, 0.5065797567367554, 0.5044342279434204, 0.5019391179084778, 0.5049983263015747, 0.5033426284790039, 0.5007925033569336, 0.4996669888496399, 0.497665673494339, 0.49690043926239014, 0.4950164258480072, 0.4924696087837219, 0.4957515001296997, 0.493386834859848, 0.49396759271621704, 0.4894779920578003, 0.49410924315452576, 0.4909033477306366, 0.4878961443901062, 0.4918319880962372, 0.4870932996273041, 0.48855167627334595, 0.48910778760910034, 0.48653751611709595, 0.487766295671463, 0.4894331097602844, 0.49005621671676636, 0.48660480976104736, 0.48455891013145447, 0.4869697391986847, 0.4886467158794403], "accuracy": [0.7192075848579407, 0.7399224638938904, 0.7466408014297485, 0.7538759708404541, 0.747157633304596, 0.7517226338386536, 0.754048228263855, 0.7552540898323059, 0.7570198178291321, 0.7614125609397888, 0.7574504613876343, 0.7641687989234924, 0.7620155215263367, 0.7621446847915649, 0.7704134583473206, 0.7668389081954956, 0.7627906799316406, 0.7656761407852173, 0.7696813344955444, 0.7677002549171448, 0.7726959586143494, 0.7733849883079529, 0.7729113101959229, 0.7721360921859741, 0.7736003398895264, 0.7706287503242493, 0.7708871364593506, 0.7754091024398804, 0.7784237861633301, 0.7750215530395508, 0.780404806137085, 0.7747200727462769, 0.7783376574516296, 0.775150716304779, 0.7806201577186584, 0.7733849883079529, 0.7802325487136841, 0.7810077667236328, 0.7787683010101318, 0.7824289202690125, 0.7788975238800049, 0.7812661528587341, 0.7823858857154846, 0.7786821722984314, 0.7792850732803345, 0.7783806920051575, 0.7810938954353333, 0.7822566628456116, 0.778725266456604, 0.7785099148750305], "val_loss": [3.310358762741089, 1.1743948459625244, 0.7531278729438782, 0.6303025484085083, 0.5686834454536438, 0.5429837703704834, 0.5266539454460144, 0.5119591951370239, 0.5027249455451965, 0.4991418719291687, 0.5004034638404846, 0.4898158311843872, 0.4863399863243103, 0.48618581891059875, 0.49355316162109375, 0.49056276679039, 0.48335590958595276, 0.4774523973464966, 0.4771708846092224, 0.47859081625938416, 0.4748692512512207, 0.4834442734718323, 0.4712369441986084, 0.47334253787994385, 0.470964640378952, 0.4725276827812195, 0.4716029465198517, 0.4684849679470062, 0.4695456027984619, 0.466695636510849, 0.46295589208602905, 0.4663301706314087, 0.4661860466003418, 0.4650893211364746, 0.4726875424385071, 0.47687220573425293, 0.46292683482170105, 0.46894311904907227, 0.4647301435470581, 0.4589919447898865, 0.4731103777885437, 0.46223902702331543, 0.4655890464782715, 0.4688868522644043, 0.46049654483795166, 0.465058833360672, 0.47350049018859863, 0.462749183177948, 0.4577052891254425, 0.458916038274765], "val_accuracy": [0.7727820873260498, 0.786821722984314, 0.7851851582527161, 0.7711455821990967, 0.7841516137123108, 0.7794142961502075, 0.7816537618637085, 0.7887166142463684, 0.7888027429580688, 0.7879414558410645, 0.7844099998474121, 0.7899224758148193, 0.7925925850868225, 0.7911283373832703, 0.782773494720459, 0.7849267721176147, 0.7889750003814697, 0.7939707040786743, 0.7901808619499207, 0.791903555393219, 0.7937984466552734, 0.786821722984314, 0.7936261892318726, 0.7939707040786743, 0.7984496355056763, 0.7932816743850708, 0.7927648425102234, 0.7978466749191284, 0.7930232286453247, 0.7964685559272766, 0.7987080216407776, 0.7956072092056274, 0.7958656549453735, 0.7981911897659302, 0.7925925850868225, 0.790869951248169, 0.7976744174957275, 0.794745922088623, 0.7972437739372253, 0.7981050610542297, 0.7873384952545166, 0.7981911897659302, 0.789664089679718, 0.7954349517822266, 0.7966408133506775, 0.7982773184776306, 0.787424623966217, 0.8004306554794312, 0.7998277544975281, 0.7981050610542297], "time_taken": "969.56s"}