{"loss": [11.042365074157715, 1.6551575660705566, 0.813531756401062, 0.6247843503952026, 0.561204731464386, 0.529585063457489, 0.5164194107055664, 0.5044807195663452, 0.49522823095321655, 0.4892285466194153, 0.48416826128959656, 0.4783255159854889, 0.4775243401527405, 0.4716280698776245, 0.46771660447120667, 0.46766331791877747, 0.46568962931632996, 0.46077960729599, 0.4574114978313446, 0.45725420117378235, 0.4556681513786316, 0.45257678627967834, 0.45223385095596313, 0.45323434472084045, 0.44848787784576416, 0.44787755608558655, 0.4466564655303955, 0.4456678330898285, 0.4411047101020813, 0.4412246346473694, 0.4381523132324219, 0.4430679678916931, 0.4405677318572998, 0.43911048769950867, 0.43843281269073486, 0.43562212586402893, 0.4337367117404938, 0.4332228899002075, 0.4349602162837982, 0.42810240387916565, 0.43401265144348145, 0.42968660593032837, 0.42995744943618774, 0.4273640215396881, 0.4254124164581299, 0.43137499690055847, 0.43024736642837524, 0.42897045612335205, 0.42599570751190186, 0.4219929277896881], "accuracy": [0.7510766386985779, 0.7731696963310242, 0.7815676331520081, 0.7832902669906616, 0.7839362621307373, 0.7906976938247681, 0.7882859706878662, 0.7906545996665955, 0.7954349517822266, 0.7948320508003235, 0.797459065914154, 0.7994401454925537, 0.799698531627655, 0.7995262742042542, 0.8044788837432861, 0.8044358491897583, 0.8058570027351379, 0.8093884587287903, 0.8107665777206421, 0.8086563348770142, 0.8083979487419128, 0.8114556670188904, 0.8108527064323425, 0.8097760677337646, 0.8129629492759705, 0.8130921721458435, 0.8107235431671143, 0.8132213354110718, 0.815891444683075, 0.8175280094146729, 0.8181740045547485, 0.8139104247093201, 0.8149440288543701, 0.8165805339813232, 0.8167097568511963, 0.8170973062515259, 0.8214470148086548, 0.819164514541626, 0.8202842473983765, 0.8224375247955322, 0.8212747573852539, 0.824117124080658, 0.8238157033920288, 0.8234280943870544, 0.8235572576522827, 0.8232988715171814, 0.819293737411499, 0.8220930099487305, 0.8238587379455566, 0.8274763226509094], "val_loss": [2.870910406112671, 0.9712641835212708, 0.6395165324211121, 0.5330162644386292, 0.49731650948524475, 0.4791520833969116, 0.47841736674308777, 0.4577769339084625, 0.45759299397468567, 0.4448750615119934, 0.43590691685676575, 0.4348396956920624, 0.4263019859790802, 0.4284397065639496, 0.4197617173194885, 0.42701777815818787, 0.4223676025867462, 0.42547062039375305, 0.4283447861671448, 0.4318872392177582, 0.4174356758594513, 0.4121398627758026, 0.42469894886016846, 0.41014090180397034, 0.4116215109825134, 0.40593221783638, 0.4173073172569275, 0.4128950834274292, 0.4164431393146515, 0.4031673073768616, 0.40980979800224304, 0.4042568802833557, 0.40026986598968506, 0.4057685434818268, 0.4114367961883545, 0.40192911028862, 0.4008820950984955, 0.4013727009296417, 0.4037780165672302, 0.4070354998111725, 0.3990422785282135, 0.4041746258735657, 0.4106499254703522, 0.44080957770347595, 0.4039863348007202, 0.4043598771095276, 0.4129786491394043, 0.4236861765384674, 0.40061771869659424, 0.40074440836906433], "val_accuracy": [0.8043927550315857, 0.8088716864585876, 0.8092162013053894, 0.8158484101295471, 0.8167097568511963, 0.8130921721458435, 0.8088716864585876, 0.818260133266449, 0.8122308254241943, 0.8254952430725098, 0.8263565897941589, 0.822911262512207, 0.830232560634613, 0.8323858976364136, 0.8341085314750671, 0.8298880457878113, 0.8330749273300171, 0.8295434713363647, 0.826959490776062, 0.8230835199356079, 0.8347114324569702, 0.8378122448921204, 0.8236003518104553, 0.8357450366020203, 0.8379845023155212, 0.8380706310272217, 0.8310939073562622, 0.8325581550598145, 0.8303186893463135, 0.8386735320091248, 0.8367786407470703, 0.8404823541641235, 0.8447028398513794, 0.8377261161804199, 0.8338501453399658, 0.8403962254524231, 0.841602087020874, 0.8409991264343262, 0.8409991264343262, 0.8380706310272217, 0.8412575125694275, 0.837295413017273, 0.8343669176101685, 0.8168820142745972, 0.8391042351722717, 0.8397071361541748, 0.833247184753418, 0.825150728225708, 0.8410852551460266, 0.8406546115875244], "time_taken": "2306.24s"}