{"loss": [10.003599166870117, 1.4629168510437012, 0.7605621814727783, 0.608548104763031, 0.5530373454093933, 0.5337003469467163, 0.5171551704406738, 0.5087162852287292, 0.5012000799179077, 0.49325764179229736, 0.49598339200019836, 0.49028825759887695, 0.48925912380218506, 0.4854504466056824, 0.4802272617816925, 0.47476378083229065, 0.47568780183792114, 0.4715111255645752, 0.4737568795681, 0.4713304042816162, 0.47135835886001587, 0.4640010893344879, 0.4689686596393585, 0.46526971459388733, 0.46437379717826843, 0.46526819467544556, 0.4645494818687439, 0.4621426463127136, 0.459445059299469, 0.4593164622783661, 0.45794063806533813, 0.45787546038627625, 0.45429691672325134, 0.4536319077014923, 0.4540894031524658, 0.45302385091781616, 0.4507404863834381, 0.4509456157684326, 0.45343518257141113, 0.44876015186309814, 0.4493579864501953, 0.44655919075012207, 0.4536687135696411, 0.451335608959198, 0.4478227496147156, 0.44947800040245056, 0.4487590789794922, 0.44681474566459656, 0.4517028033733368, 0.44824832677841187], "accuracy": [0.7463393807411194, 0.766451358795166, 0.7732558250427246, 0.7748492956161499, 0.7782515287399292, 0.7754952907562256, 0.7819551825523376, 0.7829887866973877, 0.7829026579856873, 0.7861757278442383, 0.7834625244140625, 0.7857019901275635, 0.7827304005622864, 0.7871662378311157, 0.7893195748329163, 0.7935830950737, 0.7936692237854004, 0.7930232286453247, 0.7912575602531433, 0.795047402381897, 0.7898794412612915, 0.7971576452255249, 0.7929801940917969, 0.7976744174957275, 0.797760546207428, 0.7954780459403992, 0.7977175116539001, 0.7989664077758789, 0.7997416257858276, 0.7996124029159546, 0.7951765656471252, 0.7986218929290771, 0.8040482401847839, 0.8027562499046326, 0.8045219779014587, 0.8030146360397339, 0.8042204976081848, 0.8043927550315857, 0.8045650124549866, 0.8051679730415344, 0.8044358491897583, 0.8103359341621399, 0.8043066263198853, 0.8061584830284119, 0.8083548545837402, 0.8042204976081848, 0.8073643445968628, 0.8052971363067627, 0.8040912747383118, 0.807019829750061], "val_loss": [2.416079044342041, 0.8736699819564819, 0.6301316022872925, 0.5222024917602539, 0.4907304346561432, 0.45688384771347046, 0.448020875453949, 0.4380752444267273, 0.44246092438697815, 0.43274444341659546, 0.43093714118003845, 0.4265853464603424, 0.45027846097946167, 0.4223535358905792, 0.4285769760608673, 0.42743176221847534, 0.4535416066646576, 0.4163482189178467, 0.4195123314857483, 0.4097643196582794, 0.4109947681427002, 0.41038963198661804, 0.4137895107269287, 0.42277106642723083, 0.4014652371406555, 0.40171030163764954, 0.40108242630958557, 0.41366490721702576, 0.40487799048423767, 0.4006727933883667, 0.40007737278938293, 0.397085577249527, 0.39975932240486145, 0.39880988001823425, 0.3931299149990082, 0.4005518853664398, 0.39328935742378235, 0.4045116603374481, 0.394766628742218, 0.3946084976196289, 0.3962823450565338, 0.4239276349544525, 0.3940063714981079, 0.3941727578639984, 0.39487624168395996, 0.3921946585178375, 0.3909188508987427, 0.389618843793869, 0.39091065526008606, 0.3885537087917328], "val_accuracy": [0.8145564198493958, 0.8075796961784363, 0.7832902669906616, 0.8056847453117371, 0.8066322207450867, 0.8234280943870544, 0.8221361041069031, 0.8227390050888062, 0.8192076086997986, 0.8218777179718018, 0.8245478272438049, 0.8246339559555054, 0.8054263591766357, 0.8274763226509094, 0.8199827671051025, 0.8207579851150513, 0.8007751703262329, 0.8299741744995117, 0.8287683129310608, 0.8315245509147644, 0.8310939073562622, 0.8316106796264648, 0.8272179365158081, 0.8207579851150513, 0.8358311653137207, 0.8343669176101685, 0.835486650466919, 0.8283376693725586, 0.8335055708885193, 0.8380706310272217, 0.8378983736038208, 0.8386735320091248, 0.8387596607208252, 0.8378983736038208, 0.8381567597389221, 0.8326442837715149, 0.8392764925956726, 0.8299741744995117, 0.8400516510009766, 0.8380706310272217, 0.8399655222892761, 0.8155900239944458, 0.8399655222892761, 0.8380706310272217, 0.8394487500190735, 0.8440138101577759, 0.8435831069946289, 0.8415159583091736, 0.8413436412811279, 0.8403962254524231], "time_taken": "3341.15s"}