{"loss": [10.875129699707031, 1.8696180582046509, 0.9310809373855591, 0.702710747718811, 0.618640124797821, 0.5869801044464111, 0.5720405578613281, 0.5572559237480164, 0.5417665243148804, 0.5401467084884644, 0.538124680519104, 0.5299481153488159, 0.5223004817962646, 0.5248336791992188, 0.518787682056427, 0.5152856111526489, 0.5167219638824463, 0.5116235017776489, 0.5075728297233582, 0.5075404047966003, 0.5033396482467651, 0.5017363429069519, 0.5020982027053833, 0.5024293065071106, 0.5007909536361694, 0.49618324637413025, 0.49771276116371155, 0.49690502882003784, 0.4971264600753784, 0.49505481123924255, 0.49376553297042847, 0.4930818974971771, 0.49179747700691223, 0.486175537109375, 0.49238288402557373, 0.4883129596710205, 0.48714473843574524, 0.48963114619255066, 0.48906266689300537, 0.4910995364189148, 0.48914963006973267, 0.485024094581604, 0.48691850900650024, 0.488724946975708, 0.4832993447780609, 0.48398569226264954, 0.48432210087776184, 0.48302167654037476, 0.4834294021129608, 0.4856354892253876], "accuracy": [0.7146856188774109, 0.7419465780258179, 0.7501722574234009, 0.7526270747184753, 0.7513781189918518, 0.7542204856872559, 0.753273069858551, 0.7521963715553284, 0.75913006067276, 0.7583979368209839, 0.7552971839904785, 0.7617140412330627, 0.7635658979415894, 0.7620585560798645, 0.7669681310653687, 0.7658914923667908, 0.7638242840766907, 0.7662790417671204, 0.7717484831809998, 0.7698966264724731, 0.7688199877738953, 0.7727389931678772, 0.7726959586143494, 0.76826012134552, 0.7730835676193237, 0.7755383253097534, 0.7742033004760742, 0.7754091024398804, 0.7745047211647034, 0.7765288352966309, 0.7777777910232544, 0.7774332761764526, 0.7789405584335327, 0.7789836525917053, 0.7748062014579773, 0.7766580581665039, 0.7800171971321106, 0.777260959148407, 0.7792850732803345, 0.7773470878601074, 0.7773040533065796, 0.7803186774253845, 0.7797588109970093, 0.7808355093002319, 0.7839362621307373, 0.7824289202690125, 0.7819121479988098, 0.7844961285591125, 0.7838070392608643, 0.7794573903083801], "val_loss": [3.1537227630615234, 1.1318647861480713, 0.7831284403800964, 0.6183840036392212, 0.5585975646972656, 0.5411940813064575, 0.5257673859596252, 0.5473495125770569, 0.520738959312439, 0.5387462377548218, 0.4989779591560364, 0.5019611716270447, 0.49227654933929443, 0.5007489323616028, 0.4848698079586029, 0.485847532749176, 0.48220697045326233, 0.5393355488777161, 0.4900422990322113, 0.49494311213493347, 0.49203839898109436, 0.4746493995189667, 0.4740713834762573, 0.47658878564834595, 0.47704964876174927, 0.4840012788772583, 0.5192281007766724, 0.47730913758277893, 0.4725385308265686, 0.4729442596435547, 0.46855229139328003, 0.47538840770721436, 0.47369927167892456, 0.4715828001499176, 0.4659695625305176, 0.4852978587150574, 0.46682125329971313, 0.47254887223243713, 0.4701021611690521, 0.49084576964378357, 0.464808851480484, 0.46743884682655334, 0.4681382477283478, 0.46240705251693726, 0.49035996198654175, 0.4658128619194031, 0.4757890999317169, 0.46430444717407227, 0.4587860703468323, 0.46471065282821655], "val_accuracy": [0.7739018201828003, 0.7810508012771606, 0.7385874390602112, 0.7765719294548035, 0.7844961285591125, 0.7804479002952576, 0.7842377424240112, 0.7552109956741333, 0.7750215530395508, 0.7602928280830383, 0.786391019821167, 0.782773494720459, 0.7876830101013184, 0.7810508012771606, 0.7895779609680176, 0.7873384952545166, 0.7900947332382202, 0.7475452423095703, 0.7861326336860657, 0.7841516137123108, 0.7815676331520081, 0.7948320508003235, 0.7929370999336243, 0.7925064563751221, 0.7935400605201721, 0.7838070392608643, 0.763307511806488, 0.7935400605201721, 0.7951765656471252, 0.7925064563751221, 0.7951765656471252, 0.7913005948066711, 0.7934539318084717, 0.7969853281974792, 0.7963824272155762, 0.7852713465690613, 0.7990525364875793, 0.7944014072418213, 0.7913867235183716, 0.7812230587005615, 0.7994831800460815, 0.7962101697921753, 0.7949181795120239, 0.7998277544975281, 0.7819121479988098, 0.7982773184776306, 0.7905254364013672, 0.7964685559272766, 0.8026701211929321, 0.7953488230705261], "time_taken": "1785.08s"}