{"loss": [11.150032997131348, 1.656919002532959, 0.8039378523826599, 0.6125249862670898, 0.5531883239746094, 0.523343563079834, 0.509857177734375, 0.499348908662796, 0.491144061088562, 0.4876093864440918, 0.4798935353755951, 0.4733736515045166, 0.4748573899269104, 0.46859210729599, 0.46774524450302124, 0.46485477685928345, 0.46301960945129395, 0.45771506428718567, 0.45586445927619934, 0.4531022012233734, 0.45295995473861694, 0.4468357264995575, 0.45061057806015015, 0.44350919127464294, 0.44414910674095154, 0.44117969274520874, 0.44008785486221313, 0.4364905059337616, 0.43987882137298584, 0.43661975860595703, 0.43695229291915894, 0.43616247177124023, 0.4385130703449249, 0.4331110715866089, 0.4352690577507019, 0.4310866594314575, 0.4336276948451996, 0.4335024356842041, 0.430827796459198, 0.4274561405181885, 0.4279954135417938, 0.4261988699436188, 0.42833617329597473, 0.42972543835639954, 0.4291386604309082, 0.42961424589157104, 0.428701251745224, 0.4287823438644409, 0.42511457204818726, 0.429194837808609], "accuracy": [0.7496554851531982, 0.7733849883079529, 0.7768303155899048, 0.7848406434059143, 0.7844530344009399, 0.7891042232513428, 0.7912144660949707, 0.7915159463882446, 0.7979328036308289, 0.7937554121017456, 0.7983635067939758, 0.8001722693443298, 0.8008182644844055, 0.8022825121879578, 0.8002153038978577, 0.8032299876213074, 0.8036606311798096, 0.8073643445968628, 0.808699369430542, 0.8102067112922668, 0.8082687258720398, 0.8122308254241943, 0.8075796961784363, 0.8122308254241943, 0.8111541867256165, 0.8146425485610962, 0.8113695383071899, 0.8133936524391174, 0.8143841624259949, 0.8180017471313477, 0.8177433013916016, 0.817355751991272, 0.8152454495429993, 0.8184754252433777, 0.8178725242614746, 0.8186477422714233, 0.817958652973175, 0.8180447816848755, 0.8202411532402039, 0.8223513960838318, 0.8204565048217773, 0.8188199996948242, 0.8205426335334778, 0.8199827671051025, 0.8214901089668274, 0.8180017471313477, 0.8196382522583008, 0.819293737411499, 0.8222652673721313, 0.8208441138267517], "val_loss": [2.925685405731201, 0.9589448571205139, 0.631738543510437, 0.5327461957931519, 0.4992418885231018, 0.4916578233242035, 0.4704280197620392, 0.46282273530960083, 0.46085065603256226, 0.44747215509414673, 0.44401997327804565, 0.43612179160118103, 0.4402647018432617, 0.4295954704284668, 0.4280724823474884, 0.43888822197914124, 0.42782819271087646, 0.424701064825058, 0.42591798305511475, 0.4306063950061798, 0.4214950203895569, 0.4227769076824188, 0.4108869433403015, 0.4185500144958496, 0.40671128034591675, 0.4145876169204712, 0.41290539503097534, 0.4194808602333069, 0.40997835993766785, 0.40462395548820496, 0.4018523693084717, 0.409650057554245, 0.40386006236076355, 0.40701746940612793, 0.4083409905433655, 0.41612929105758667, 0.4025796353816986, 0.40353602170944214, 0.40373584628105164, 0.40726739168167114, 0.4024665653705597, 0.39868780970573425, 0.40614911913871765, 0.4020967185497284, 0.39717260003089905, 0.4030117094516754, 0.40432000160217285, 0.40464890003204346, 0.4017869234085083, 0.39712846279144287], "val_accuracy": [0.7814815044403076, 0.8034452795982361, 0.8019810318946838, 0.8085271120071411, 0.8071489930152893, 0.802842378616333, 0.8099052309989929, 0.8150731921195984, 0.8121446967124939, 0.819293737411499, 0.8240309953689575, 0.8242893815040588, 0.8234280943870544, 0.8290266990661621, 0.8287683129310608, 0.8186907768249512, 0.828423798084259, 0.8315245509147644, 0.8275624513626099, 0.8216192722320557, 0.8294573426246643, 0.8277347087860107, 0.8346253037452698, 0.8308354616165161, 0.8386735320091248, 0.8328165411949158, 0.8331610560417175, 0.8297157883644104, 0.834280788898468, 0.839362621307373, 0.8433247208595276, 0.8368647694587708, 0.838329017162323, 0.8368647694587708, 0.8345391750335693, 0.827390193939209, 0.8391042351722717, 0.8356589078903198, 0.8392764925956726, 0.8360034227371216, 0.8391903638839722, 0.8414298295974731, 0.8357450366020203, 0.8402239680290222, 0.8443583250045776, 0.8394487500190735, 0.8372092843055725, 0.8374677300453186, 0.8397932648658752, 0.8404823541641235], "time_taken": "3059.87s"}