{"loss": [10.064723014831543, 1.486818552017212, 0.7776308059692383, 0.6111709475517273, 0.5591570734977722, 0.5326690077781677, 0.5195014476776123, 0.5083104372024536, 0.498914897441864, 0.49606531858444214, 0.4941348731517792, 0.48653721809387207, 0.4840693175792694, 0.4775655269622803, 0.48013222217559814, 0.47762051224708557, 0.47451770305633545, 0.47324833273887634, 0.469919353723526, 0.4717067778110504, 0.4686044454574585, 0.4667419195175171, 0.46667569875717163, 0.46512356400489807, 0.46258386969566345, 0.4670236110687256, 0.46175989508628845, 0.4622938930988312, 0.4584708511829376, 0.45520198345184326, 0.4571493864059448, 0.4612267315387726, 0.45568835735321045, 0.4578530490398407, 0.45472025871276855, 0.44974377751350403, 0.44826751947402954, 0.448696106672287, 0.44831058382987976, 0.4499817490577698, 0.4473489820957184, 0.4455995261669159, 0.44827213883399963, 0.4477866291999817, 0.44760212302207947, 0.4473353922367096, 0.44689759612083435, 0.4466698169708252, 0.4492870569229126, 0.44456300139427185], "accuracy": [0.7481481432914734, 0.7686907649040222, 0.7728251218795776, 0.7749354243278503, 0.7746769785881042, 0.7776485681533813, 0.7800171971321106, 0.7837640047073364, 0.786821722984314, 0.7849698662757874, 0.7827304005622864, 0.7878122329711914, 0.7870370149612427, 0.7905254364013672, 0.7895779609680176, 0.7911283373832703, 0.7930663228034973, 0.7926356792449951, 0.795951783657074, 0.7936692237854004, 0.7976744174957275, 0.7969422936439514, 0.7962532043457031, 0.799698531627655, 0.7981481552124023, 0.7949181795120239, 0.8002583980560303, 0.7984496355056763, 0.7993540167808533, 0.802842378616333, 0.8026270270347595, 0.8011197447776794, 0.8037037253379822, 0.800904393196106, 0.8015503883361816, 0.8048233985900879, 0.8082687258720398, 0.8066322207450867, 0.8053402304649353, 0.8044358491897583, 0.8071489930152893, 0.8096899390220642, 0.8064168691635132, 0.8052110075950623, 0.8053402304649353, 0.8059431314468384, 0.8074935674667358, 0.8115848302841187, 0.8074935674667358, 0.8087855577468872], "val_loss": [2.482351779937744, 0.8880148530006409, 0.6083210706710815, 0.5143688917160034, 0.4811607599258423, 0.46594399213790894, 0.4648556411266327, 0.4473817050457001, 0.44576695561408997, 0.438301682472229, 0.4326719343662262, 0.4335034489631653, 0.43244820833206177, 0.42800745368003845, 0.4359564185142517, 0.4177926182746887, 0.42155832052230835, 0.42013540863990784, 0.41550302505493164, 0.41886499524116516, 0.420905202627182, 0.41746073961257935, 0.41627562046051025, 0.4063035249710083, 0.4101235270500183, 0.40828245878219604, 0.4170026481151581, 0.4043857753276825, 0.40917426347732544, 0.41083064675331116, 0.4021678566932678, 0.40387260913848877, 0.40357398986816406, 0.415017694234848, 0.404988169670105, 0.4165359139442444, 0.39836764335632324, 0.409453809261322, 0.40442296862602234, 0.4085119962692261, 0.40212056040763855, 0.39595940709114075, 0.4391883313655853, 0.4051993191242218, 0.39541685581207275, 0.40192490816116333, 0.39839157462120056, 0.39532163739204407, 0.39786389470100403, 0.3925916254520416], "val_accuracy": [0.7900947332382202, 0.813178300857544, 0.8166236281394958, 0.8187769055366516, 0.8202411532402039, 0.8215331435203552, 0.8113695383071899, 0.8203272819519043, 0.818863034248352, 0.8225667476654053, 0.8242032527923584, 0.8216192722320557, 0.8219638466835022, 0.8268733620643616, 0.8180017471313477, 0.8309215903282166, 0.8306632041931152, 0.828423798084259, 0.8300603032112122, 0.8304048180580139, 0.8224806189537048, 0.8298019170761108, 0.8306632041931152, 0.8351421356201172, 0.8313522934913635, 0.8361757397651672, 0.8261843323707581, 0.8346253037452698, 0.8352282643318176, 0.8301464319229126, 0.8373815417289734, 0.8385012745857239, 0.8368647694587708, 0.8295434713363647, 0.8337640166282654, 0.8247200846672058, 0.8378122448921204, 0.8354005217552185, 0.8378122448921204, 0.8321274518966675, 0.8372092843055725, 0.8385874032974243, 0.8141257762908936, 0.8311800360679626, 0.8373815417289734, 0.8351421356201172, 0.8424633741378784, 0.8404823541641235, 0.8360034227371216, 0.842377245426178], "time_taken": "3971.79s"}