{"loss": [11.208656311035156, 2.022664785385132, 0.9862634539604187, 0.7223309874534607, 0.6299293637275696, 0.5924312472343445, 0.5699586868286133, 0.5575047135353088, 0.5493986010551453, 0.5436834096908569, 0.5390008687973022, 0.5329146385192871, 0.5259653329849243, 0.5218634009361267, 0.5181968808174133, 0.5153712034225464, 0.5145829319953918, 0.5105239152908325, 0.5061883926391602, 0.5114469528198242, 0.5081025958061218, 0.5056066513061523, 0.502280592918396, 0.5022791624069214, 0.5011084079742432, 0.49714407324790955, 0.4987478256225586, 0.49548476934432983, 0.49660012125968933, 0.4980439245700836, 0.4915411174297333, 0.4983413517475128, 0.49359530210494995, 0.49534615874290466, 0.4937434792518616, 0.49403059482574463, 0.493108332157135, 0.49070683121681213, 0.49216100573539734, 0.48988479375839233, 0.4890630543231964, 0.4870600402355194, 0.4923650920391083, 0.486930787563324, 0.49401915073394775, 0.4889957904815674, 0.4867347180843353, 0.4889065623283386, 0.48698514699935913, 0.48366132378578186], "accuracy": [0.7136951088905334, 0.7447028160095215, 0.7449612617492676, 0.749095618724823, 0.7475452423095703, 0.7512919902801514, 0.7547373175621033, 0.755081832408905, 0.757321298122406, 0.7593454122543335, 0.7536175847053528, 0.7601205706596375, 0.7643410563468933, 0.7653746604919434, 0.7686046361923218, 0.7688199877738953, 0.7682170271873474, 0.769164502620697, 0.7726098299026489, 0.7691214680671692, 0.7696382403373718, 0.7693367600440979, 0.7739448547363281, 0.7747200727462769, 0.7715331315994263, 0.7771748304367065, 0.7756244540214539, 0.7753660678863525, 0.7767010927200317, 0.7750645875930786, 0.7791128158569336, 0.7744185924530029, 0.7788113951683044, 0.7773470878601074, 0.776485800743103, 0.7744616866111755, 0.7773470878601074, 0.7798449397087097, 0.7754952907562256, 0.7764427065849304, 0.7809646725654602, 0.7788113951683044, 0.7762704491615295, 0.7825581431388855, 0.7748492956161499, 0.780534029006958, 0.7816106677055359, 0.7791559100151062, 0.7799741625785828, 0.7815245389938354], "val_loss": [3.4006311893463135, 1.2102007865905762, 0.7547850012779236, 0.6142277121543884, 0.5563205480575562, 0.52489173412323, 0.5095621347427368, 0.5022203326225281, 0.49951159954071045, 0.48919031023979187, 0.5002957582473755, 0.48635175824165344, 0.47519075870513916, 0.47414761781692505, 0.4756598174571991, 0.47588804364204407, 0.5055060386657715, 0.46589699387550354, 0.4636055529117584, 0.48740944266319275, 0.46241429448127747, 0.48441818356513977, 0.4953558146953583, 0.45860734581947327, 0.4815438389778137, 0.4602806866168976, 0.45681434869766235, 0.455280601978302, 0.45550310611724854, 0.4634852409362793, 0.4603605270385742, 0.45813441276550293, 0.45985448360443115, 0.45541051030158997, 0.4541575312614441, 0.45631900429725647, 0.4693848192691803, 0.47678452730178833, 0.4680441617965698, 0.44926828145980835, 0.4515167772769928, 0.4518131613731384, 0.4545138478279114, 0.45073777437210083, 0.45093834400177, 0.45432114601135254, 0.4541437327861786, 0.4513361155986786, 0.4574529230594635, 0.4984179437160492], "val_accuracy": [0.7801895141601562, 0.7745047211647034, 0.7869078516960144, 0.7888888716697693, 0.7875968813896179, 0.789664089679718, 0.7943152189254761, 0.7930232286453247, 0.796554684638977, 0.7951765656471252, 0.7799310684204102, 0.7944014072418213, 0.7972437739372253, 0.798794150352478, 0.7954349517822266, 0.7975021600723267, 0.7688199877738953, 0.8005167841911316, 0.8015503883361816, 0.7847545146942139, 0.7993970513343811, 0.7894057035446167, 0.7765719294548035, 0.8035314679145813, 0.7829457521438599, 0.8017226457595825, 0.8030146360397339, 0.8048233985900879, 0.8044788837432861, 0.797760546207428, 0.799569308757782, 0.8024978637695312, 0.8029285073280334, 0.8066322207450867, 0.810163676738739, 0.8052541017532349, 0.7998277544975281, 0.7828596234321594, 0.7913005948066711, 0.8074935674667358, 0.8040482401847839, 0.8080103397369385, 0.8065460920333862, 0.8060292601585388, 0.8068044781684875, 0.805081844329834, 0.8017226457595825, 0.8047372698783875, 0.8005167841911316, 0.7739879488945007], "time_taken": "1768.14s"}