{"loss": [9.951498031616211, 1.4768145084381104, 0.7789984941482544, 0.6207818984985352, 0.5608059763908386, 0.5389822721481323, 0.5233896970748901, 0.5128563046455383, 0.5047208070755005, 0.49749821424484253, 0.49342358112335205, 0.4956008791923523, 0.48745664954185486, 0.48565930128097534, 0.4846400320529938, 0.4804348647594452, 0.4829210042953491, 0.47627195715904236, 0.4749273359775543, 0.4740000069141388, 0.47598719596862793, 0.46768486499786377, 0.4661988317966461, 0.4709637463092804, 0.4654839038848877, 0.4628192186355591, 0.4633561670780182, 0.4601351022720337, 0.4618719518184662, 0.46015211939811707, 0.46044233441352844, 0.4584104120731354, 0.4536978602409363, 0.4630095064640045, 0.45700064301490784, 0.45497551560401917, 0.45452478528022766, 0.454641729593277, 0.45535120368003845, 0.4566081464290619, 0.4500451385974884, 0.4505625069141388, 0.45097896456718445, 0.453409880399704, 0.4522777199745178, 0.4529550075531006, 0.4514716565608978, 0.44940584897994995, 0.4544214606285095, 0.45028483867645264], "accuracy": [0.7531868815422058, 0.7683893442153931, 0.7748923301696777, 0.7729543447494507, 0.776485800743103, 0.7748492956161499, 0.7757536768913269, 0.7801033854484558, 0.7826442718505859, 0.784582257270813, 0.7868647575378418, 0.7802756428718567, 0.7870801091194153, 0.7864341139793396, 0.7875538468360901, 0.7911714315414429, 0.789534866809845, 0.7925064563751221, 0.7933678030967712, 0.7918604612350464, 0.7944444417953491, 0.7972006797790527, 0.7981481552124023, 0.7961670756340027, 0.7971576452255249, 0.7999569177627563, 0.7974160313606262, 0.8015934824943542, 0.7996554970741272, 0.7979758977890015, 0.8005598783493042, 0.8065891265869141, 0.8060292601585388, 0.7984065413475037, 0.8047803640365601, 0.8036175966262817, 0.8058139681816101, 0.8023256063461304, 0.8026270270347595, 0.800000011920929, 0.807794988155365, 0.8063738346099854, 0.8074504733085632, 0.8056417107582092, 0.8031007647514343, 0.8043497204780579, 0.8067613840103149, 0.8048664927482605, 0.8053832650184631, 0.8066752552986145], "val_loss": [2.405942916870117, 0.8781325817108154, 0.6173381805419922, 0.5061031579971313, 0.4725096821784973, 0.5164428949356079, 0.43773403763771057, 0.44337376952171326, 0.4267471730709076, 0.4245646595954895, 0.42547494173049927, 0.4240492284297943, 0.41651466488838196, 0.4113565981388092, 0.41840896010398865, 0.40961378812789917, 0.41383790969848633, 0.42413926124572754, 0.41414880752563477, 0.44828155636787415, 0.4047551155090332, 0.4021977186203003, 0.41350701451301575, 0.40285414457321167, 0.3957788646221161, 0.3954600691795349, 0.3974817097187042, 0.394093781709671, 0.40232011675834656, 0.4006253480911255, 0.3925264775753021, 0.39245572686195374, 0.39241036772727966, 0.40208691358566284, 0.39790093898773193, 0.39152267575263977, 0.39638957381248474, 0.39382821321487427, 0.4105663597583771, 0.39603257179260254, 0.3944890797138214, 0.3915155231952667, 0.3911585211753845, 0.4048651456832886, 0.38836726546287537, 0.39159074425697327, 0.3875685930252075, 0.3948640525341034, 0.3875475525856018, 0.3878859877586365], "val_accuracy": [0.8196382522583008, 0.8232558369636536, 0.8034452795982361, 0.8236003518104553, 0.8256675004959106, 0.7789836525917053, 0.8316968083381653, 0.8223944902420044, 0.8337640166282654, 0.8328165411949158, 0.8298880457878113, 0.8323858976364136, 0.836520254611969, 0.8323858976364136, 0.8303186893463135, 0.8391042351722717, 0.8329887986183167, 0.8259259462356567, 0.8315245509147644, 0.8064599633216858, 0.8362618684768677, 0.8409991264343262, 0.8272179365158081, 0.8372092843055725, 0.8430663347244263, 0.8399655222892761, 0.8406546115875244, 0.8415159583091736, 0.8344530463218689, 0.8385012745857239, 0.8439276218414307, 0.8440138101577759, 0.8421188592910767, 0.8430663347244263, 0.8406546115875244, 0.8422049880027771, 0.8395348787307739, 0.8401378393173218, 0.826959490776062, 0.843410849571228, 0.8420327305793762, 0.8412575125694275, 0.8428940773010254, 0.8344530463218689, 0.8428940773010254, 0.8404823541641235, 0.8442721962928772, 0.8385874032974243, 0.8468561768531799, 0.8416882157325745], "time_taken": "3954.07s"}