{"loss": [11.11898136138916, 1.724059820175171, 0.8390501141548157, 0.6346917152404785, 0.5637080073356628, 0.5290246605873108, 0.5142198801040649, 0.49909430742263794, 0.49608394503593445, 0.48733508586883545, 0.4839385449886322, 0.4792599380016327, 0.4749513268470764, 0.467771977186203, 0.46294623613357544, 0.45988741517066956, 0.4600578844547272, 0.45760267972946167, 0.4548493027687073, 0.4518970549106598, 0.451437771320343, 0.45167362689971924, 0.4449853003025055, 0.4475458562374115, 0.44795194268226624, 0.44377297163009644, 0.44272327423095703, 0.4434066116809845, 0.4391227960586548, 0.4374786913394928, 0.4381614327430725, 0.4344426393508911, 0.4374893605709076, 0.429863840341568, 0.4330483078956604, 0.4321642220020294, 0.43305373191833496, 0.433231383562088, 0.4320560097694397, 0.4330364167690277, 0.42457231879234314, 0.42910125851631165, 0.42857304215431213, 0.4288344979286194, 0.4288185238838196, 0.4257665276527405, 0.4260731339454651, 0.4212011992931366, 0.42366865277290344, 0.4252646565437317], "accuracy": [0.7567614316940308, 0.7787683010101318, 0.781438410282135, 0.7800171971321106, 0.7850129008293152, 0.7894918322563171, 0.7882428765296936, 0.7952626943588257, 0.7971576452255249, 0.7983635067939758, 0.7977175116539001, 0.8015503883361816, 0.8033591508865356, 0.8052541017532349, 0.8084409832954407, 0.8099913597106934, 0.8087424635887146, 0.808699369430542, 0.8094745874404907, 0.814082682132721, 0.8128337860107422, 0.8107665777206421, 0.8155038952827454, 0.8127476572990417, 0.8148148059844971, 0.816020667552948, 0.814211905002594, 0.8171834349632263, 0.8195951581001282, 0.8207148909568787, 0.8189922571182251, 0.8189491629600525, 0.8187769055366516, 0.824246346950531, 0.8236433863639832, 0.8217054009437561, 0.818260133266449, 0.817829430103302, 0.8232558369636536, 0.8260120749473572, 0.824117124080658, 0.823212742805481, 0.8238587379455566, 0.8242032527923584, 0.823212742805481, 0.826485812664032, 0.825021505355835, 0.8268733620643616, 0.830232560634613, 0.827390193939209], "val_loss": [2.9542739391326904, 0.9973355531692505, 0.6522699594497681, 0.5500562787055969, 0.4858896732330322, 0.48920050263404846, 0.4589471220970154, 0.45454564690589905, 0.44768545031547546, 0.45991942286491394, 0.43186286091804504, 0.44981229305267334, 0.423549622297287, 0.4192558228969574, 0.42604193091392517, 0.41665324568748474, 0.41833215951919556, 0.4429689049720764, 0.40590518712997437, 0.4095805883407593, 0.4068779945373535, 0.4056544601917267, 0.4307354688644409, 0.4032438397407532, 0.4120911657810211, 0.4164316654205322, 0.39811399579048157, 0.40321871638298035, 0.393930047750473, 0.40074634552001953, 0.39821216464042664, 0.39369314908981323, 0.3939060866832733, 0.40674299001693726, 0.3950459957122803, 0.39388445019721985, 0.3926613926887512, 0.4103509783744812, 0.393350750207901, 0.42456793785095215, 0.4099245071411133, 0.3942391276359558, 0.391996294260025, 0.39219215512275696, 0.4041591286659241, 0.4264058768749237, 0.41676032543182373, 0.39654114842414856, 0.3989195227622986, 0.39093053340911865], "val_accuracy": [0.8122308254241943, 0.8141257762908936, 0.8102498054504395, 0.805081844329834, 0.8203272819519043, 0.8057708740234375, 0.8187769055366516, 0.8193798661231995, 0.8210163712501526, 0.8090439438819885, 0.8250645995140076, 0.8124030828475952, 0.8299741744995117, 0.8322135806083679, 0.8250645995140076, 0.8300603032112122, 0.8282514810562134, 0.8128337860107422, 0.8358311653137207, 0.8317829370498657, 0.8368647694587708, 0.8359172940254211, 0.8177433013916016, 0.8363479971885681, 0.832041323184967, 0.8290266990661621, 0.8409991264343262, 0.8346253037452698, 0.8397071361541748, 0.8347975611686707, 0.837295413017273, 0.839362621307373, 0.8397071361541748, 0.8327304124832153, 0.842377245426178, 0.8408268690109253, 0.8431524634361267, 0.8313522934913635, 0.842377245426178, 0.8217054009437561, 0.8333333134651184, 0.8397071361541748, 0.8406546115875244, 0.8430663347244263, 0.8346253037452698, 0.8218777179718018, 0.8279069662094116, 0.8392764925956726, 0.8372092843055725, 0.8435831069946289], "time_taken": "3084.30s"}