{"loss": [9.976585388183594, 1.4359219074249268, 0.7604542374610901, 0.6058865785598755, 0.5568683743476868, 0.5312731862068176, 0.5229899287223816, 0.5125136971473694, 0.5054601430892944, 0.4958127737045288, 0.49552080035209656, 0.4906981885433197, 0.4880133867263794, 0.4866456985473633, 0.4815656840801239, 0.4777662456035614, 0.4702211916446686, 0.4750407636165619, 0.4747868478298187, 0.46772268414497375, 0.4698485732078552, 0.46620652079582214, 0.46596163511276245, 0.4631810784339905, 0.4641650319099426, 0.46251431107521057, 0.46462926268577576, 0.4592157304286957, 0.4594116806983948, 0.46068763732910156, 0.4577217102050781, 0.4566744267940521, 0.4556877315044403, 0.4538232684135437, 0.45087185502052307, 0.45357745885849, 0.4532170295715332, 0.4526408016681671, 0.4510766565799713, 0.4468282461166382, 0.4472956657409668, 0.4483549892902374, 0.45025309920310974, 0.44927677512168884, 0.4508397579193115, 0.44661688804626465, 0.44840872287750244, 0.4463745951652527, 0.4459327459335327, 0.4443143308162689], "accuracy": [0.7469853758811951, 0.765417754650116, 0.767355740070343, 0.7745047211647034, 0.7738156914710999, 0.7772179245948792, 0.7769595384597778, 0.7807062864303589, 0.7835917472839355, 0.7831180095672607, 0.7829457521438599, 0.787726104259491, 0.7852713465690613, 0.785917341709137, 0.7869508862495422, 0.7916451096534729, 0.7970715165138245, 0.7901378273963928, 0.7924634218215942, 0.7964255213737488, 0.7944014072418213, 0.7972437739372253, 0.7946597933769226, 0.7988802790641785, 0.7966839075088501, 0.7980620265007019, 0.7954349517822266, 0.7992678880691528, 0.7995262742042542, 0.7981911897659302, 0.800000011920929, 0.8025839924812317, 0.802842378616333, 0.8024117350578308, 0.8062877058982849, 0.8055555820465088, 0.8058139681816101, 0.8018949031829834, 0.8055124878883362, 0.8084409832954407, 0.8093884587287903, 0.805986225605011, 0.8051248788833618, 0.8056417107582092, 0.8027562499046326, 0.8075366020202637, 0.8067183494567871, 0.8057278394699097, 0.8064168691635132, 0.8072351217269897], "val_loss": [2.3624250888824463, 0.8486495614051819, 0.5822992324829102, 0.5055912137031555, 0.4681389033794403, 0.45314595103263855, 0.44682538509368896, 0.4460892379283905, 0.44236984848976135, 0.43336063623428345, 0.44329535961151123, 0.43995022773742676, 0.4406672716140747, 0.42038092017173767, 0.43502044677734375, 0.4165492057800293, 0.41187506914138794, 0.4232215881347656, 0.41776183247566223, 0.4264138340950012, 0.4128463864326477, 0.4144706130027771, 0.4045220911502838, 0.4073511064052582, 0.40293624997138977, 0.4021768271923065, 0.4027949869632721, 0.4037891924381256, 0.4021589457988739, 0.40224534273147583, 0.41112586855888367, 0.4018253982067108, 0.39498719573020935, 0.3952772915363312, 0.4021034836769104, 0.4054516851902008, 0.39451363682746887, 0.3939328193664551, 0.41618356108665466, 0.40660983324050903, 0.39118024706840515, 0.3922060430049896, 0.4101785719394684, 0.3988642990589142, 0.4053936302661896, 0.3924632668495178, 0.40870508551597595, 0.4012344479560852, 0.39083316922187805, 0.3903186619281769], "val_accuracy": [0.814211905002594, 0.8219638466835022, 0.8230835199356079, 0.8237726092338562, 0.8270456790924072, 0.8291128277778625, 0.8236864805221558, 0.8239448666572571, 0.8232558369636536, 0.8283376693725586, 0.8157622814178467, 0.8173987865447998, 0.8150731921195984, 0.8323858976364136, 0.8214470148086548, 0.8343669176101685, 0.8323858976364136, 0.8266149759292603, 0.8335055708885193, 0.8230835199356079, 0.8350560069084167, 0.8306632041931152, 0.8366063833236694, 0.8337640166282654, 0.8353143930435181, 0.8366925120353699, 0.8386735320091248, 0.837553858757019, 0.8341085314750671, 0.8381567597389221, 0.8323858976364136, 0.8352282643318176, 0.8401378393173218, 0.8391042351722717, 0.8373815417289734, 0.8322135806083679, 0.8384151458740234, 0.8391042351722717, 0.8275624513626099, 0.8308354616165161, 0.8439276218414307, 0.8428940773010254, 0.830232560634613, 0.836520254611969, 0.8313522934913635, 0.8416882157325745, 0.8305770754814148, 0.8378122448921204, 0.841602087020874, 0.8425495028495789], "time_taken": "3976.29s"}