{"loss": [11.370148658752441, 1.7812721729278564, 0.8404609560966492, 0.6262670755386353, 0.5599020719528198, 0.5287958979606628, 0.5126709342002869, 0.5019009709358215, 0.4955849051475525, 0.4867746829986572, 0.48590171337127686, 0.477641761302948, 0.4731764495372772, 0.4659286439418793, 0.4670010507106781, 0.4637884497642517, 0.4610768258571625, 0.4567088484764099, 0.4574117958545685, 0.45256122946739197, 0.4556441605091095, 0.45049118995666504, 0.4455368220806122, 0.44642987847328186, 0.4478412866592407, 0.4405890703201294, 0.4425296187400818, 0.4419470727443695, 0.4393841624259949, 0.437550812959671, 0.4421358108520508, 0.4393305778503418, 0.43623411655426025, 0.43473193049430847, 0.4380846619606018, 0.43385180830955505, 0.43293309211730957, 0.4336065351963043, 0.4304479658603668, 0.435332328081131, 0.42868006229400635, 0.43106451630592346, 0.4312227964401245, 0.430003821849823, 0.42749032378196716, 0.426972359418869, 0.4311729967594147, 0.42547744512557983, 0.42044779658317566, 0.4245307147502899], "accuracy": [0.7518948912620544, 0.7730835676193237, 0.7761412858963013, 0.7846683859825134, 0.7873384952545166, 0.7894918322563171, 0.7879414558410645, 0.7937984466552734, 0.7952626943588257, 0.7985787987709045, 0.7981050610542297, 0.7972437739372253, 0.8018518686294556, 0.8045650124549866, 0.8061153888702393, 0.8018518686294556, 0.8076658248901367, 0.8074504733085632, 0.8066322207450867, 0.8100775480270386, 0.804651141166687, 0.8090869784355164, 0.8122739195823669, 0.813178300857544, 0.8117570877075195, 0.8154177665710449, 0.8147717714309692, 0.8132213354110718, 0.8190352916717529, 0.8177433013916016, 0.8128337860107422, 0.8165805339813232, 0.8203703761100769, 0.8186907768249512, 0.8172696232795715, 0.8190352916717529, 0.8184323906898499, 0.8187769055366516, 0.821102499961853, 0.8186046481132507, 0.8205426335334778, 0.8195521235466003, 0.8204134106636047, 0.8254091143608093, 0.8218777179718018, 0.8193367719650269, 0.8224375247955322, 0.8225237131118774, 0.8283807039260864, 0.8263565897941589], "val_loss": [3.086885690689087, 1.0193588733673096, 0.6997917890548706, 0.526172399520874, 0.5060967803001404, 0.4739904999732971, 0.4657946228981018, 0.44985371828079224, 0.44430455565452576, 0.44231459498405457, 0.43197426199913025, 0.43754079937934875, 0.4232984185218811, 0.4245864152908325, 0.42079633474349976, 0.42027097940444946, 0.41572532057762146, 0.4388793408870697, 0.41395387053489685, 0.433456689119339, 0.4399547874927521, 0.40932199358940125, 0.4232654869556427, 0.40281373262405396, 0.4256381690502167, 0.407557874917984, 0.4028710126876831, 0.40362390875816345, 0.41488367319107056, 0.4112415313720703, 0.43199965357780457, 0.4013640284538269, 0.4017983675003052, 0.41926461458206177, 0.41138675808906555, 0.3982136845588684, 0.4078068733215332, 0.3953859806060791, 0.3974168300628662, 0.4024427533149719, 0.3959917724132538, 0.39940640330314636, 0.3935604393482208, 0.39826861023902893, 0.3972422480583191, 0.39737218618392944, 0.3979608118534088, 0.3987659513950348, 0.40084391832351685, 0.40175798535346985], "val_accuracy": [0.8107665777206421, 0.8129199147224426, 0.7770025730133057, 0.8209302425384521, 0.8082687258720398, 0.8169681429862976, 0.8166236281394958, 0.8257536888122559, 0.8253229856491089, 0.8248923420906067, 0.8290266990661621, 0.8246339559555054, 0.8316968083381653, 0.8311800360679626, 0.8317829370498657, 0.8325581550598145, 0.8343669176101685, 0.817054271697998, 0.835486650466919, 0.8211886286735535, 0.8136089444160461, 0.8363479971885681, 0.8256675004959106, 0.8384151458740234, 0.8265288472175598, 0.8357450366020203, 0.8392764925956726, 0.8388458490371704, 0.8310939073562622, 0.8363479971885681, 0.8173126578330994, 0.8413436412811279, 0.8367786407470703, 0.8313522934913635, 0.8321274518966675, 0.8422049880027771, 0.8339362740516663, 0.8454780578613281, 0.8424633741378784, 0.8391903638839722, 0.8434969782829285, 0.8385012745857239, 0.8416882157325745, 0.8415159583091736, 0.8433247208595276, 0.8400516510009766, 0.841602087020874, 0.8397071361541748, 0.8399655222892761, 0.837295413017273], "time_taken": "3097.20s"}