{"loss": [10.885967254638672, 1.9482147693634033, 0.9662138819694519, 0.7245070338249207, 0.6366157531738281, 0.5926193594932556, 0.5755716562271118, 0.5596336722373962, 0.5513495802879333, 0.5440365672111511, 0.5398998260498047, 0.535658597946167, 0.5293286442756653, 0.5286865234375, 0.5238010883331299, 0.5259526371955872, 0.515075147151947, 0.5200530290603638, 0.5168435573577881, 0.5128111243247986, 0.5140376687049866, 0.5101727843284607, 0.5110105276107788, 0.511485755443573, 0.5013564229011536, 0.5056317448616028, 0.506158173084259, 0.5062059760093689, 0.5029600858688354, 0.5009390711784363, 0.4994713366031647, 0.49979063868522644, 0.4989972412586212, 0.5021277666091919, 0.49800240993499756, 0.49769318103790283, 0.49629372358322144, 0.49804070591926575, 0.4954461455345154, 0.4884929358959198, 0.49063748121261597, 0.4901828169822693, 0.49110499024391174, 0.4972211718559265, 0.49330222606658936, 0.49247804284095764, 0.4882769286632538, 0.4888949394226074, 0.49129509925842285, 0.49425050616264343], "accuracy": [0.7174849510192871, 0.7432816624641418, 0.7453488111495972, 0.7447028160095215, 0.7467700242996216, 0.7535744905471802, 0.7475882768630981, 0.7520672082901001, 0.7527993321418762, 0.7542204856872559, 0.7534883618354797, 0.7560723423957825, 0.7597329616546631, 0.7627906799316406, 0.7628768086433411, 0.7602928280830383, 0.766451358795166, 0.7598621845245361, 0.7623600363731384, 0.7660637497901917, 0.7657622694969177, 0.7682170271873474, 0.769164502620697, 0.764987051486969, 0.7726528644561768, 0.7682170271873474, 0.7702412009239197, 0.7652454972267151, 0.7667958736419678, 0.7751076817512512, 0.7742894291877747, 0.7737725973129272, 0.7715762257575989, 0.7703273296356201, 0.7726959586143494, 0.7740740776062012, 0.7735142111778259, 0.772308349609375, 0.7758398056030273, 0.7801464200019836, 0.7755383253097534, 0.7778208255767822, 0.7746769785881042, 0.7735573053359985, 0.775150716304779, 0.7745908498764038, 0.7799310684204102, 0.7749784588813782, 0.7777346968650818, 0.7769595384597778], "val_loss": [3.2346980571746826, 1.1739619970321655, 0.753631055355072, 0.6120084524154663, 0.5629977583885193, 0.5324788093566895, 0.5104532241821289, 0.5079346895217896, 0.5001377463340759, 0.4883749485015869, 0.4870181083679199, 0.491373747587204, 0.480392724275589, 0.47911450266838074, 0.4802256226539612, 0.4745137393474579, 0.4770932197570801, 0.4724786877632141, 0.4698561728000641, 0.4649697244167328, 0.4699002206325531, 0.4627928137779236, 0.46129241585731506, 0.46393758058547974, 0.46978843212127686, 0.46140676736831665, 0.4896693825721741, 0.4571983814239502, 0.4563577175140381, 0.4571579694747925, 0.4535121023654938, 0.4743483364582062, 0.45196014642715454, 0.4641452133655548, 0.4767642617225647, 0.4531538188457489, 0.4529622495174408, 0.4540187120437622, 0.464997798204422, 0.45922839641571045, 0.4516923427581787, 0.4516156315803528, 0.45057228207588196, 0.45639556646347046, 0.45397430658340454, 0.456076055765152, 0.44741302728652954, 0.4477542042732239, 0.44992363452911377, 0.4519953429698944], "val_accuracy": [0.7857881188392639, 0.7829457521438599, 0.7952626943588257, 0.7895779609680176, 0.7872523665428162, 0.7916451096534729, 0.7969853281974792, 0.7918174266815186, 0.7974160313606262, 0.7957795262336731, 0.7949181795120239, 0.7902669906616211, 0.7980189323425293, 0.7975021600723267, 0.792678713798523, 0.7993109226226807, 0.7960379123687744, 0.8006890416145325, 0.7976744174957275, 0.8027562499046326, 0.8013781309127808, 0.8029285073280334, 0.8026701211929321, 0.8037037253379822, 0.7966408133506775, 0.8008612990379333, 0.780534029006958, 0.8063738346099854, 0.8065460920333862, 0.8031007647514343, 0.8080964684486389, 0.7933678030967712, 0.8095607161521912, 0.8023256063461304, 0.7925925850868225, 0.8062015771865845, 0.8093884587287903, 0.8037037253379822, 0.7991386651992798, 0.8029285073280334, 0.8074073791503906, 0.8094745874404907, 0.8067183494567871, 0.8061153888702393, 0.8062877058982849, 0.8090439438819885, 0.8104220628738403, 0.8110249638557434, 0.8118001818656921, 0.8082687258720398], "time_taken": "1775.16s"}