{"loss": [11.156473159790039, 2.0048294067382812, 0.9746630191802979, 0.7156625390052795, 0.6280773282051086, 0.5899601578712463, 0.5673428773880005, 0.5561835169792175, 0.5424538254737854, 0.5409371256828308, 0.5375518202781677, 0.5298473238945007, 0.5256574153900146, 0.522961437702179, 0.5201088786125183, 0.516933023929596, 0.5166397094726562, 0.5116721391677856, 0.5132040977478027, 0.5056816339492798, 0.5075621604919434, 0.5083895921707153, 0.505168616771698, 0.5026909708976746, 0.5005512833595276, 0.499056339263916, 0.495845228433609, 0.5017896294593811, 0.49840790033340454, 0.49596622586250305, 0.4947971701622009, 0.49586790800094604, 0.49441012740135193, 0.4934093952178955, 0.4932935833930969, 0.4958692789077759, 0.4936409890651703, 0.49354201555252075, 0.48692092299461365, 0.4939359426498413, 0.48973798751831055, 0.4883308708667755, 0.4896896183490753, 0.49457865953445435, 0.4909784495830536, 0.4872107207775116, 0.4860958158969879, 0.4895401895046234, 0.4865928292274475, 0.4876116216182709], "accuracy": [0.7242032885551453, 0.7430232763290405, 0.7426356673240662, 0.74896639585495, 0.7496123909950256, 0.750904381275177, 0.7535314559936523, 0.7549095749855042, 0.7583548426628113, 0.7572351694107056, 0.7566322088241577, 0.761369526386261, 0.7637812495231628, 0.7617140412330627, 0.7657192349433899, 0.7664082646369934, 0.764082670211792, 0.7701981067657471, 0.7668389081954956, 0.7714470028877258, 0.7680447697639465, 0.7701550126075745, 0.7720068693161011, 0.7725667357444763, 0.7745047211647034, 0.775581419467926, 0.7764427065849304, 0.7717054486274719, 0.7750215530395508, 0.7785529494285583, 0.7793712019920349, 0.7780792713165283, 0.776485800743103, 0.7763135433197021, 0.7770456671714783, 0.7751938104629517, 0.7782515287399292, 0.7795865535736084, 0.7816106677055359, 0.7794142961502075, 0.7811800241470337, 0.782773494720459, 0.7790266871452332, 0.7770025730133057, 0.7747200727462769, 0.7800171971321106, 0.7809646725654602, 0.7788975238800049, 0.7798880338668823, 0.7805770635604858], "val_loss": [3.3933637142181396, 1.2225521802902222, 0.7515259981155396, 0.6293167471885681, 0.6142190098762512, 0.539628267288208, 0.547458291053772, 0.5235071182250977, 0.5072830319404602, 0.4996233880519867, 0.5013730525970459, 0.49664998054504395, 0.49261829257011414, 0.4807383418083191, 0.48973342776298523, 0.4883435070514679, 0.4736592769622803, 0.47714763879776, 0.4694761037826538, 0.48185425996780396, 0.4698977768421173, 0.4955313205718994, 0.4697410762310028, 0.46584513783454895, 0.46539556980133057, 0.4761434495449066, 0.49203142523765564, 0.4650357961654663, 0.47486069798469543, 0.4644695818424225, 0.4792053997516632, 0.4585913121700287, 0.4889048635959625, 0.4547831416130066, 0.4589363932609558, 0.4549599587917328, 0.45623376965522766, 0.4587060809135437, 0.46583813428878784, 0.46795743703842163, 0.48607388138771057, 0.4872322976589203, 0.46787604689598083, 0.4505594074726105, 0.4549288749694824, 0.45569050312042236, 0.46706634759902954, 0.4530400335788727, 0.44932857155799866, 0.4515559673309326], "val_accuracy": [0.7586563229560852, 0.7595176696777344, 0.779500424861908, 0.766322135925293, 0.7457364201545715, 0.7810508012771606, 0.7677863836288452, 0.7726959586143494, 0.779500424861908, 0.7839793562889099, 0.7814815044403076, 0.7844099998474121, 0.7857881188392639, 0.7945736646652222, 0.7846683859825134, 0.7872523665428162, 0.795521080493927, 0.789664089679718, 0.8007751703262329, 0.7895779609680176, 0.795951783657074, 0.778725266456604, 0.7972437739372253, 0.7974160313606262, 0.7975021600723267, 0.7910422086715698, 0.7785529494285583, 0.7956072092056274, 0.7899224758148193, 0.7988802790641785, 0.7880275845527649, 0.8012058734893799, 0.7818260192871094, 0.8020671606063843, 0.8009474873542786, 0.8038759827613831, 0.8008612990379333, 0.7992247939109802, 0.7956072092056274, 0.7935400605201721, 0.7826011776924133, 0.7808785438537598, 0.7937984466552734, 0.8031007647514343, 0.7988802790641785, 0.8013781309127808, 0.7937984466552734, 0.8042204976081848, 0.8055124878883362, 0.8048233985900879], "time_taken": "1778.44s"}