{"loss": [11.135910987854004, 1.682266116142273, 0.8129914999008179, 0.6146842837333679, 0.5575277805328369, 0.527441143989563, 0.5087106823921204, 0.49659883975982666, 0.4929269850254059, 0.48355770111083984, 0.48252180218696594, 0.48021623492240906, 0.47165271639823914, 0.46644115447998047, 0.4640744924545288, 0.46051889657974243, 0.45944881439208984, 0.46000024676322937, 0.45952102541923523, 0.45601987838745117, 0.4572943449020386, 0.44966354966163635, 0.44429197907447815, 0.45210784673690796, 0.44375041127204895, 0.4473634362220764, 0.4413154423236847, 0.44315236806869507, 0.4410252869129181, 0.43832096457481384, 0.43733376264572144, 0.4354565441608429, 0.4388653337955475, 0.4349672496318817, 0.4376947283744812, 0.4270631968975067, 0.43158599734306335, 0.43660968542099, 0.4349028468132019, 0.43139442801475525, 0.4314001500606537, 0.4270262122154236, 0.4323023855686188, 0.4297751784324646, 0.42680618166923523, 0.4232257008552551, 0.43006083369255066, 0.43120431900024414, 0.4278148412704468, 0.42718255519866943], "accuracy": [0.7543497085571289, 0.7747200727462769, 0.7808785438537598, 0.7848406434059143, 0.7864341139793396, 0.7894918322563171, 0.790869951248169, 0.795521080493927, 0.7943583130836487, 0.7992678880691528, 0.7988371849060059, 0.797459065914154, 0.8015934824943542, 0.8057278394699097, 0.8075796961784363, 0.8077519536018372, 0.8074504733085632, 0.8054693937301636, 0.8068044781684875, 0.8088716864585876, 0.8082687258720398, 0.8105512261390686, 0.8145133256912231, 0.8100775480270386, 0.8152454495429993, 0.8136950731277466, 0.8161929249763489, 0.8127906918525696, 0.8132644295692444, 0.8180017471313477, 0.8159776329994202, 0.8207148909568787, 0.8167527914047241, 0.8198966383934021, 0.8174849152565002, 0.8245478272438049, 0.8219207525253296, 0.816925048828125, 0.8190783858299255, 0.8231266140937805, 0.8207579851150513, 0.8229973912239075, 0.8196812868118286, 0.8239879608154297, 0.8258828520774841, 0.8270025849342346, 0.8215762376785278, 0.8194659948348999, 0.8232988715171814, 0.8251938223838806], "val_loss": [2.9383225440979004, 0.9936508536338806, 0.6466330885887146, 0.5318595170974731, 0.5011205077171326, 0.47256365418434143, 0.46010178327560425, 0.4553636610507965, 0.4483450651168823, 0.4422210156917572, 0.4380422532558441, 0.4427172839641571, 0.45734378695487976, 0.43968188762664795, 0.43896982073783875, 0.4247925281524658, 0.4288642704486847, 0.42590582370758057, 0.4382549226284027, 0.4341389834880829, 0.42295345664024353, 0.4314558207988739, 0.430134654045105, 0.4128800332546234, 0.436838835477829, 0.42666688561439514, 0.41011500358581543, 0.43504011631011963, 0.40788987278938293, 0.40974488854408264, 0.4240233600139618, 0.41820254921913147, 0.41307079792022705, 0.41221746802330017, 0.40735185146331787, 0.42465829849243164, 0.40759366750717163, 0.4067051410675049, 0.40281885862350464, 0.42173242568969727, 0.4601934850215912, 0.4105954170227051, 0.4033973515033722, 0.4010859429836273, 0.4028075933456421, 0.400321900844574, 0.3982604444026947, 0.40321382880210876, 0.41210660338401794, 0.3972533047199249], "val_accuracy": [0.7951765656471252, 0.7968991994857788, 0.8014642596244812, 0.8141257762908936, 0.8069767355918884, 0.816020667552948, 0.8179156184196472, 0.8172265291213989, 0.8191214203834534, 0.820068895816803, 0.8236003518104553, 0.821102499961853, 0.8066322207450867, 0.820068895816803, 0.8174849152565002, 0.8279069662094116, 0.8210163712501526, 0.8236003518104553, 0.8144702911376953, 0.818863034248352, 0.825150728225708, 0.8198966383934021, 0.8211886286735535, 0.8304048180580139, 0.8169681429862976, 0.8207579851150513, 0.8310939073562622, 0.8194659948348999, 0.8351421356201172, 0.8341946601867676, 0.8247200846672058, 0.8277347087860107, 0.8323858976364136, 0.8319551944732666, 0.8316968083381653, 0.8245478272438049, 0.8346253037452698, 0.8347975611686707, 0.8362618684768677, 0.8215331435203552, 0.8093884587287903, 0.833247184753418, 0.835486650466919, 0.8336778879165649, 0.8346253037452698, 0.837295413017273, 0.8372092843055725, 0.8370370268821716, 0.8311800360679626, 0.8355727791786194], "time_taken": "3086.70s"}