{"loss": [9.723550796508789, 1.3173481225967407, 0.7213853597640991, 0.5926243662834167, 0.5490233302116394, 0.5269642472267151, 0.5189250707626343, 0.5083338618278503, 0.5013477206230164, 0.5024345517158508, 0.4901268780231476, 0.49175217747688293, 0.49101853370666504, 0.4817441701889038, 0.4783211052417755, 0.4773188829421997, 0.4773469865322113, 0.4742082357406616, 0.471061110496521, 0.47249099612236023, 0.4689837396144867, 0.4654529392719269, 0.46372509002685547, 0.4656631052494049, 0.46656909584999084, 0.46186476945877075, 0.46379804611206055, 0.4635429382324219, 0.4621441662311554, 0.45595285296440125, 0.4586244225502014, 0.4547838866710663, 0.45415154099464417, 0.4576914310455322, 0.4539584517478943, 0.4543282091617584, 0.45619380474090576, 0.44958436489105225, 0.44927921891212463, 0.4514351487159729, 0.44879573583602905, 0.45080459117889404, 0.4503786861896515, 0.44979429244995117, 0.44874224066734314, 0.44528475403785706, 0.44539350271224976, 0.4471101760864258, 0.44924265146255493, 0.44657444953918457], "accuracy": [0.7509474754333496, 0.7679156064987183, 0.7708871364593506, 0.7735142111778259, 0.7758828401565552, 0.775581419467926, 0.7780361771583557, 0.7806201577186584, 0.7817829251289368, 0.7807062864303589, 0.7875107526779175, 0.7853143811225891, 0.7856588959693909, 0.790439248085022, 0.7929370999336243, 0.7893626093864441, 0.7925925850868225, 0.7901808619499207, 0.7954780459403992, 0.792678713798523, 0.7975021600723267, 0.7965977787971497, 0.8000861406326294, 0.7985357642173767, 0.7971145510673523, 0.7960809469223022, 0.7982342839241028, 0.7981050610542297, 0.8000430464744568, 0.8046081066131592, 0.8003876209259033, 0.8031868934631348, 0.8023686408996582, 0.8020241260528564, 0.8031007647514343, 0.8035314679145813, 0.8001291751861572, 0.8075796961784363, 0.8081825971603394, 0.8066752552986145, 0.8083118200302124, 0.804651141166687, 0.8060723543167114, 0.8058139681816101, 0.8060292601585388, 0.8076227307319641, 0.8102067112922668, 0.8057278394699097, 0.8043927550315857, 0.8074935674667358], "val_loss": [2.1599111557006836, 0.8241227865219116, 0.5617401599884033, 0.5036427974700928, 0.48048222064971924, 0.4562886357307434, 0.4553649127483368, 0.45219898223876953, 0.4346921145915985, 0.4945545196533203, 0.42841145396232605, 0.4464333951473236, 0.434183269739151, 0.41858652234077454, 0.4452556371688843, 0.4411691427230835, 0.43386149406433105, 0.4148738980293274, 0.4266154170036316, 0.43551650643348694, 0.4209553897380829, 0.40658581256866455, 0.4230347275733948, 0.4070550501346588, 0.40469247102737427, 0.422668993473053, 0.41024720668792725, 0.40530237555503845, 0.41708630323410034, 0.4026552736759186, 0.4083200991153717, 0.4071290194988251, 0.4079815745353699, 0.40306544303894043, 0.39630988240242004, 0.39617231488227844, 0.41459280252456665, 0.3975831866264343, 0.3961332142353058, 0.39648470282554626, 0.39574143290519714, 0.3940718472003937, 0.39662039279937744, 0.3955416679382324, 0.40216872096061707, 0.3965798318386078, 0.40051406621932983, 0.40040159225463867, 0.3970154821872711, 0.39492297172546387], "val_accuracy": [0.8105081915855408, 0.7934539318084717, 0.8184323906898499, 0.811972439289093, 0.808699369430542, 0.8201550245285034, 0.8144702911376953, 0.8128337860107422, 0.8217054009437561, 0.7794142961502075, 0.8236864805221558, 0.8096468448638916, 0.8177433013916016, 0.8285960555076599, 0.8103359341621399, 0.8108527064323425, 0.8167958855628967, 0.8278208374977112, 0.8228251338005066, 0.8169681429862976, 0.8236864805221558, 0.8337640166282654, 0.825150728225708, 0.8316968083381653, 0.8308354616165161, 0.8232558369636536, 0.8272179365158081, 0.8319551944732666, 0.8240309953689575, 0.8353143930435181, 0.8290266990661621, 0.8304909467697144, 0.8303186893463135, 0.8340224027633667, 0.8380706310272217, 0.8397071361541748, 0.8254952430725098, 0.8350560069084167, 0.8366925120353699, 0.8359172940254211, 0.8368647694587708, 0.8377261161804199, 0.8352282643318176, 0.8373815417289734, 0.8346253037452698, 0.837295413017273, 0.8350560069084167, 0.8326442837715149, 0.8353143930435181, 0.8364341259002686], "time_taken": "3959.30s"}