{"loss": [3.384160041809082, 0.4891897141933441, 0.3327767848968506, 0.3035213053226471, 0.28671565651893616, 0.27586692571640015, 0.2639778256416321, 0.2534694969654083, 0.24525071680545807, 0.2412574291229248, 0.2280360907316208, 0.22504614293575287, 0.2184179574251175, 0.2073979675769806, 0.20383623242378235, 0.19968783855438232, 0.1916647106409073, 0.18493211269378662, 0.17768508195877075, 0.17564286291599274, 0.16508233547210693, 0.16153058409690857, 0.1561918407678604, 0.15215449035167694, 0.1487688571214676, 0.14577516913414001, 0.13757401704788208, 0.14127321541309357, 0.1328887790441513, 0.12830309569835663, 0.12878544628620148, 0.12294116616249084, 0.11659470945596695, 0.11618933081626892, 0.1139063760638237, 0.11548610776662827, 0.11193124204874039, 0.10776105523109436, 0.10585524141788483, 0.10169467329978943, 0.09939996153116226, 0.10118724405765533, 0.09610321372747421, 0.09074188768863678, 0.08903031796216965, 0.08652093261480331, 0.08806543052196503, 0.08540601283311844, 0.08426732569932938], "accuracy": [0.8147286772727966, 0.8415589928627014, 0.8554263710975647, 0.862876832485199, 0.8730835318565369, 0.8759258985519409, 0.88337641954422, 0.8849698305130005, 0.89250648021698, 0.8927217721939087, 0.9013350605964661, 0.9010766744613647, 0.904478907585144, 0.9108096361160278, 0.9117140173912048, 0.9133074879646301, 0.9197244048118591, 0.9199827909469604, 0.923944890499115, 0.9252368807792664, 0.9325150847434998, 0.9322997331619263, 0.9344961047172546, 0.9364340901374817, 0.9385874271392822, 0.9404392838478088, 0.9434108734130859, 0.9428510069847107, 0.9478467106819153, 0.9474591016769409, 0.9482342600822449, 0.9498708248138428, 0.9524978399276733, 0.9537037014961243, 0.954952597618103, 0.9543496966362, 0.9568905830383301, 0.9565460681915283, 0.958096444606781, 0.9602497816085815, 0.9623169898986816, 0.9608527421951294, 0.9633074998855591, 0.9663652181625366, 0.9642118811607361, 0.9660637378692627, 0.9659776091575623, 0.9665805101394653, 0.9675279855728149], "val_loss": [0.8461816310882568, 0.42618271708488464, 0.5574145913124084, 0.3747257888317108, 0.3516640365123749, 0.36190590262413025, 0.36472102999687195, 0.3932848870754242, 0.34874817728996277, 0.3804672658443451, 0.3435525596141815, 0.36243128776550293, 0.3677559792995453, 0.3475370407104492, 0.3505326509475708, 0.36474230885505676, 0.37114253640174866, 0.38750770688056946, 0.3622644245624542, 0.39318352937698364, 0.3855380415916443, 0.4006161689758301, 0.38403648138046265, 0.42146211862564087, 0.3814105689525604, 0.3928850293159485, 0.4063471853733063, 0.40486371517181396, 0.3947228193283081, 0.436373770236969, 0.42662614583969116, 0.4128032624721527, 0.458268404006958, 0.4437713921070099, 0.4500553607940674, 0.4986267685890198, 0.41098347306251526, 0.46235695481300354, 0.4848935306072235, 0.5310243368148804, 0.5463612675666809, 0.4157772362232208, 0.4786783754825592, 0.5459742546081543, 0.4991443455219269, 0.475813627243042, 0.5081234574317932, 0.5289514064788818, 0.4986460208892822], "val_accuracy": [0.7937984466552734, 0.8237726092338562, 0.7624461650848389, 0.8330749273300171, 0.8476313352584839, 0.831438422203064, 0.8416882157325745, 0.8087855577468872, 0.8500430583953857, 0.8354005217552185, 0.8522825241088867, 0.8476313352584839, 0.8485788106918335, 0.846425473690033, 0.853746771812439, 0.849698543548584, 0.846425473690033, 0.8473729491233826, 0.8540051579475403, 0.8501291871070862, 0.8514211773872375, 0.8374677300453186, 0.8447889685630798, 0.8429802060127258, 0.8505598902702332, 0.8484926819801331, 0.8483204245567322, 0.8454780578613281, 0.8403962254524231, 0.846425473690033, 0.8485788106918335, 0.845650315284729, 0.8295434713363647, 0.8472868204116821, 0.8502153158187866, 0.8293712139129639, 0.8453919291496277, 0.8478897213935852, 0.847459077835083, 0.8410852551460266, 0.837553858757019, 0.8490955829620361, 0.8307493329048157, 0.841171383857727, 0.8395348787307739, 0.8503875732421875, 0.8427218198776245, 0.8457364439964294, 0.8398793935775757], "time_taken": "2230.24s"}