{"loss": [3.374520778656006, 0.542304515838623, 0.3921944499015808, 0.3598783016204834, 0.3486664295196533, 0.33740103244781494, 0.3333098590373993, 0.3246605694293976, 0.32052281498908997, 0.316171258687973, 0.3168058395385742, 0.3085365295410156, 0.30254530906677246, 0.2999800145626068, 0.29327958822250366, 0.2893308103084564, 0.2877597212791443, 0.28731784224510193, 0.279305636882782, 0.2762724757194519, 0.2732248604297638, 0.2661605477333069, 0.26307764649391174, 0.26045143604278564, 0.25176799297332764, 0.2552294135093689, 0.25361523032188416, 0.2425202578306198, 0.24201205372810364, 0.2408275455236435, 0.23702628910541534, 0.23648060858249664, 0.2297973930835724, 0.22206692397594452, 0.21949371695518494, 0.21364599466323853, 0.21337684988975525, 0.2149110585451126, 0.20568206906318665, 0.20695488154888153, 0.20128045976161957, 0.20053136348724365, 0.19734592735767365, 0.1975022852420807, 0.18801486492156982, 0.18859151005744934], "accuracy": [0.7851851582527161, 0.819293737411499, 0.8257967233657837, 0.8313091993331909, 0.8353574275970459, 0.8417312502861023, 0.8451765775680542, 0.8485357165336609, 0.8531438708305359, 0.8532299995422363, 0.8541774153709412, 0.8578811287879944, 0.8629629611968994, 0.8605512380599976, 0.8653315901756287, 0.8694660067558289, 0.8688200116157532, 0.8713608980178833, 0.8746339082717896, 0.8735572695732117, 0.8760982155799866, 0.879328191280365, 0.8819121718406677, 0.883979320526123, 0.8882859349250793, 0.8875538110733032, 0.8864771723747253, 0.8924633860588074, 0.8931093811988831, 0.8939276337623596, 0.8958225846290588, 0.8963393568992615, 0.8991386890411377, 0.902540922164917, 0.9027131795883179, 0.9080964922904968, 0.9090870022773743, 0.9071490168571472, 0.9101636409759521, 0.9116278886795044, 0.9128337502479553, 0.9142549633979797, 0.9149009585380554, 0.9152024388313293, 0.9195090532302856, 0.9180448055267334], "val_loss": [0.8845780491828918, 0.5333927869796753, 0.4884146451950073, 0.451259046792984, 0.43571627140045166, 0.4345332086086273, 0.46091654896736145, 0.45285817980766296, 0.42196428775787354, 0.42099711298942566, 0.41598862409591675, 0.4137400984764099, 0.46609970927238464, 0.41772571206092834, 0.43255940079689026, 0.40102648735046387, 0.48523905873298645, 0.43511515855789185, 0.40651899576187134, 0.40691083669662476, 0.40736445784568787, 0.44756388664245605, 0.4131101667881012, 0.4115031957626343, 0.42152655124664307, 0.4197586476802826, 0.4196692705154419, 0.4233703315258026, 0.41281554102897644, 0.4859600067138672, 0.41827392578125, 0.43814364075660706, 0.445377379655838, 0.4580949544906616, 0.4312281012535095, 0.4521854817867279, 0.46873927116394043, 0.4490872919559479, 0.43852952122688293, 0.468065470457077, 0.4772867262363434, 0.4416957199573517, 0.45299163460731506, 0.49355387687683105, 0.4760510325431824, 0.5342214703559875], "val_accuracy": [0.7778639197349548, 0.7641687989234924, 0.7729543447494507, 0.7903531193733215, 0.7962962985038757, 0.7941429615020752, 0.7789836525917053, 0.7751938104629517, 0.7997416257858276, 0.8040482401847839, 0.8049957156181335, 0.8016365170478821, 0.7783806920051575, 0.8063738346099854, 0.8006890416145325, 0.8177433013916016, 0.7873384952545166, 0.801033616065979, 0.8111972212791443, 0.8111972212791443, 0.8138673305511475, 0.8005167841911316, 0.8118863105773926, 0.8065460920333862, 0.8074935674667358, 0.804651141166687, 0.8094745874404907, 0.808699369430542, 0.8111972212791443, 0.7617571353912354, 0.8030146360397339, 0.8149009346961975, 0.8070628643035889, 0.8149009346961975, 0.8107665777206421, 0.8124892115592957, 0.8038759827613831, 0.8118863105773926, 0.8058570027351379, 0.8083548545837402, 0.796554684638977, 0.8105081915855408, 0.7946597933769226, 0.8004306554794312, 0.801808774471283, 0.7991386651992798], "time_taken": "884.69s"}