{"loss": [3.283884048461914, 0.48629048466682434, 0.34585925936698914, 0.32038769125938416, 0.30327633023262024, 0.29529470205307007, 0.2896856963634491, 0.282728374004364, 0.27140966057777405, 0.2668241560459137, 0.25891292095184326, 0.2494601011276245, 0.24809381365776062, 0.2387445867061615, 0.2347458153963089, 0.2261510193347931, 0.2216280698776245, 0.21566270291805267, 0.21139004826545715, 0.20522315800189972, 0.19808116555213928, 0.1959930658340454, 0.18808984756469727, 0.18711711466312408, 0.18303680419921875, 0.1777493953704834, 0.18013398349285126, 0.17400413751602173, 0.1598062813282013, 0.16029806435108185, 0.16116812825202942, 0.15191490948200226, 0.1541651487350464, 0.1501346081495285, 0.14608347415924072, 0.13958685100078583, 0.13644710183143616, 0.13963735103607178, 0.1315154880285263, 0.13115893304347992, 0.12732400000095367, 0.12424395233392715, 0.12241510301828384, 0.12108048796653748, 0.11801895499229431, 0.119284488260746, 0.1131899431347847, 0.11187946051359177, 0.11096566915512085, 0.10914399474859238, 0.10525260120630264, 0.10366643965244293, 0.1014861986041069], "accuracy": [0.8155469298362732, 0.8421619534492493, 0.8493109345436096, 0.8549095392227173, 0.8602928519248962, 0.8638243079185486, 0.8666666746139526, 0.8726959228515625, 0.8789836168289185, 0.879328191280365, 0.8854435682296753, 0.8905254006385803, 0.8904823660850525, 0.8950043320655823, 0.8956933617591858, 0.9013780951499939, 0.9046511650085449, 0.908828616142273, 0.9093453884124756, 0.9118432402610779, 0.9161068201065063, 0.9164082407951355, 0.9193798303604126, 0.9207149147987366, 0.9240310192108154, 0.9252368807792664, 0.9248923063278198, 0.92799311876297, 0.9337209463119507, 0.9343238472938538, 0.9342808127403259, 0.9378983378410339, 0.9376399517059326, 0.9381136894226074, 0.9419035315513611, 0.9434970021247864, 0.9447458982467651, 0.9438846111297607, 0.9466408491134644, 0.9474591016769409, 0.9494832158088684, 0.949999988079071, 0.9523255825042725, 0.9508182406425476, 0.9545650482177734, 0.9523686766624451, 0.9547373056411743, 0.9565891623497009, 0.955254077911377, 0.9567614197731018, 0.9593884348869324, 0.9593454003334045, 0.9605512619018555], "val_loss": [0.8463337421417236, 0.4223051071166992, 0.3795625567436218, 0.3924603760242462, 0.36427122354507446, 0.38137251138687134, 0.39478692412376404, 0.3473823666572571, 0.35019028186798096, 0.3547193706035614, 0.35250553488731384, 0.40602195262908936, 0.3667850196361542, 0.35387811064720154, 0.35601577162742615, 0.38729530572891235, 0.3791792690753937, 0.42338666319847107, 0.3915556073188782, 0.4103660583496094, 0.4202202260494232, 0.3782697319984436, 0.3613491952419281, 0.45190510153770447, 0.40983232855796814, 0.4198370575904846, 0.4437609910964966, 0.4522407650947571, 0.40414977073669434, 0.4407258629798889, 0.4119773507118225, 0.4467942416667938, 0.39816123247146606, 0.4420235753059387, 0.4250945448875427, 0.4533609449863434, 0.4474601745605469, 0.46025654673576355, 0.496206134557724, 0.4947761595249176, 0.5388227105140686, 0.5376090407371521, 0.4750688076019287, 0.5014423131942749, 0.4782273769378662, 0.4702484905719757, 0.5484883189201355, 0.5528302788734436, 0.5219019055366516, 0.47064700722694397, 0.5084972977638245, 0.5496577024459839, 0.5050726532936096], "val_accuracy": [0.7839793562889099, 0.8285960555076599, 0.831438422203064, 0.8242032527923584, 0.8385874032974243, 0.8337640166282654, 0.8120585680007935, 0.8418604731559753, 0.8409129977226257, 0.8413436412811279, 0.8398793935775757, 0.8167097568511963, 0.8394487500190735, 0.8484926819801331, 0.8450473546981812, 0.8404823541641235, 0.8438414931297302, 0.8308354616165161, 0.8465116024017334, 0.8362618684768677, 0.8403962254524231, 0.8449612259864807, 0.8498708009719849, 0.8355727791786194, 0.8374677300453186, 0.8377261161804199, 0.8345391750335693, 0.8401378393173218, 0.8361757397651672, 0.8425495028495789, 0.8394487500190735, 0.8443583250045776, 0.8422049880027771, 0.8406546115875244, 0.8395348787307739, 0.8356589078903198, 0.8403100967407227, 0.8404823541641235, 0.8317829370498657, 0.8448750972747803, 0.8240309953689575, 0.8369508981704712, 0.8471145629882812, 0.8339362740516663, 0.8418604731559753, 0.8451334834098816, 0.8330749273300171, 0.8367786407470703, 0.8462532162666321, 0.8409129977226257, 0.8413436412811279, 0.8379845023155212, 0.8410852551460266], "time_taken": "3505.65s"}