{"loss": [11.153611183166504, 1.9752238988876343, 0.9630597829818726, 0.7162659764289856, 0.6267961263656616, 0.5901036262512207, 0.5638214349746704, 0.557033360004425, 0.5435513854026794, 0.539213240146637, 0.530652642250061, 0.5269663333892822, 0.5239355564117432, 0.5169918537139893, 0.5200223326683044, 0.5115492343902588, 0.5107083916664124, 0.5111512541770935, 0.5092474818229675, 0.5039364099502563, 0.5064553022384644, 0.5028809905052185, 0.5049388408660889, 0.5008927583694458, 0.4970732033252716, 0.497169554233551, 0.499688982963562, 0.495212584733963, 0.49854642152786255, 0.4969348609447479, 0.49476903676986694, 0.49343568086624146, 0.49214333295822144, 0.49256283044815063, 0.4914340078830719, 0.4886952042579651, 0.49045220017433167, 0.49017709493637085, 0.4868801236152649, 0.48780936002731323, 0.4860795736312866, 0.488523930311203, 0.48540374636650085, 0.4900062084197998, 0.48536986112594604, 0.4860996603965759, 0.4867779612541199, 0.48430997133255005, 0.48295700550079346, 0.48276492953300476], "accuracy": [0.7180017232894897, 0.7445305585861206, 0.750904381275177, 0.7463393807411194, 0.7489233613014221, 0.74896639585495, 0.7563738226890564, 0.7528854608535767, 0.7587424516677856, 0.7563307285308838, 0.7624461650848389, 0.764082670211792, 0.7641257643699646, 0.7672696113586426, 0.7661929130554199, 0.7689922451972961, 0.7693367600440979, 0.7690783739089966, 0.7717054486274719, 0.7747631072998047, 0.7683462500572205, 0.7736003398895264, 0.7697674632072449, 0.7729543447494507, 0.7753229737281799, 0.7745047211647034, 0.7742033004760742, 0.7774332761764526, 0.7732558250427246, 0.7749784588813782, 0.7752799391746521, 0.7801895141601562, 0.7792850732803345, 0.7776485681533813, 0.7787683010101318, 0.7798019051551819, 0.7791128158569336, 0.7775624394416809, 0.7792420387268066, 0.7804909348487854, 0.7799310684204102, 0.7794142961502075, 0.7849698662757874, 0.7800171971321106, 0.7817398905754089, 0.7786390781402588, 0.7797157764434814, 0.7809216380119324, 0.7830318808555603, 0.7860034704208374], "val_loss": [3.349332094192505, 1.1771661043167114, 0.7687479853630066, 0.6130596399307251, 0.5618958473205566, 0.5293734073638916, 0.5189553499221802, 0.5054851770401001, 0.5008825063705444, 0.4940899908542633, 0.49361053109169006, 0.4884175956249237, 0.5429565906524658, 0.48072320222854614, 0.48584073781967163, 0.4767492413520813, 0.4728389382362366, 0.471499502658844, 0.4722168743610382, 0.4847545325756073, 0.4690952003002167, 0.48941561579704285, 0.47577720880508423, 0.4886351525783539, 0.4676557183265686, 0.46875882148742676, 0.47798052430152893, 0.48434874415397644, 0.46686047315597534, 0.4783342778682709, 0.4697290360927582, 0.46627748012542725, 0.4575450122356415, 0.45739635825157166, 0.4700275957584381, 0.46737486124038696, 0.45993417501449585, 0.4551718235015869, 0.4606195390224457, 0.4572962522506714, 0.4545949697494507, 0.45314934849739075, 0.45353320240974426, 0.4590933322906494, 0.45345383882522583, 0.45235776901245117, 0.4553702473640442, 0.4555405378341675, 0.4530094265937805, 0.461335152387619], "val_accuracy": [0.7739879488945007, 0.7802756428718567, 0.7679586410522461, 0.7855297327041626, 0.7883720993995667, 0.7873384952545166, 0.7879414558410645, 0.7892334461212158, 0.7894057035446167, 0.7902669906616211, 0.7918174266815186, 0.7936261892318726, 0.7461671233177185, 0.7917312383651733, 0.788630485534668, 0.7968130707740784, 0.7962101697921753, 0.7968991994857788, 0.7968130707740784, 0.7872523665428162, 0.7962101697921753, 0.7832041382789612, 0.7906976938247681, 0.7795865535736084, 0.7979328036308289, 0.7958656549453735, 0.7900947332382202, 0.7862187623977661, 0.7983635067939758, 0.7923341989517212, 0.8000861406326294, 0.7972437739372253, 0.8039621114730835, 0.8033591508865356, 0.791903555393219, 0.7976744174957275, 0.7997416257858276, 0.8053402304649353, 0.7975021600723267, 0.8027562499046326, 0.8017226457595825, 0.8062877058982849, 0.8023256063461304, 0.8002583980560303, 0.8056847453117371, 0.8037037253379822, 0.8064599633216858, 0.7996554970741272, 0.8049095869064331, 0.7991386651992798], "time_taken": "1780.56s"}