{"loss": [10.984766960144043, 1.6556726694107056, 0.8123311996459961, 0.6210688352584839, 0.5566182732582092, 0.5301579833030701, 0.5071216821670532, 0.4992733895778656, 0.49028143286705017, 0.4888005554676056, 0.48517492413520813, 0.47429555654525757, 0.47283750772476196, 0.47115358710289, 0.4666426181793213, 0.46344608068466187, 0.4594593644142151, 0.4592011868953705, 0.45335841178894043, 0.45507171750068665, 0.4559594988822937, 0.45568087697029114, 0.4499712288379669, 0.45025333762168884, 0.4471234381198883, 0.4477549195289612, 0.44582274556159973, 0.44099101424217224, 0.44115936756134033, 0.438051700592041, 0.4382634162902832, 0.4364372193813324, 0.43590405583381653, 0.4378466010093689, 0.4334386885166168, 0.4357858896255493, 0.4344324469566345, 0.4312005937099457, 0.437744140625, 0.43276843428611755, 0.4301869571208954, 0.4356812834739685, 0.4318472146987915, 0.43229472637176514, 0.4319024682044983, 0.42883142828941345, 0.42755016684532166, 0.42577022314071655, 0.4326555132865906, 0.42734795808792114], "accuracy": [0.7521533370018005, 0.7726098299026489, 0.7752368450164795, 0.7826011776924133, 0.7839362621307373, 0.7873815894126892, 0.7936261892318726, 0.792807936668396, 0.7939707040786743, 0.7951335310935974, 0.7943152189254761, 0.8013781309127808, 0.7992247939109802, 0.797889769077301, 0.8023686408996582, 0.8044358491897583, 0.8071059584617615, 0.8058139681816101, 0.8113264441490173, 0.806890606880188, 0.8083118200302124, 0.8074073791503906, 0.8103789687156677, 0.8083548545837402, 0.8133936524391174, 0.8092162013053894, 0.8127045631408691, 0.8155038952827454, 0.8161067962646484, 0.8195951581001282, 0.8167958855628967, 0.8184323906898499, 0.817829430103302, 0.8137381672859192, 0.820068895816803, 0.8174849152565002, 0.8186907768249512, 0.8231697082519531, 0.8177433013916016, 0.8203272819519043, 0.8201119899749756, 0.8155038952827454, 0.8167097568511963, 0.8230404853820801, 0.8219207525253296, 0.8221361041069031, 0.8221361041069031, 0.8226528763771057, 0.8206287622451782, 0.8236003518104553], "val_loss": [2.9004342555999756, 0.9632492065429688, 0.6284309029579163, 0.5290862321853638, 0.49539387226104736, 0.474487841129303, 0.4627394378185272, 0.44682466983795166, 0.4493718445301056, 0.4480787217617035, 0.44056132435798645, 0.4316001534461975, 0.4380893111228943, 0.4321468770503998, 0.42943519353866577, 0.4251828193664551, 0.41819581389427185, 0.4575832784175873, 0.4148437976837158, 0.4204496443271637, 0.4146701395511627, 0.4119507670402527, 0.4085555672645569, 0.41092097759246826, 0.4357201159000397, 0.41755735874176025, 0.40448394417762756, 0.42648643255233765, 0.416278600692749, 0.4023505747318268, 0.40017223358154297, 0.4024793803691864, 0.4114615023136139, 0.3963552713394165, 0.4009075164794922, 0.39141932129859924, 0.41292375326156616, 0.39675623178482056, 0.4084058105945587, 0.39864224195480347, 0.4218635559082031, 0.3902076184749603, 0.39325007796287537, 0.40377718210220337, 0.4282909631729126, 0.3969198763370514, 0.3916966915130615, 0.39459770917892456, 0.3994610905647278, 0.3980562388896942], "val_accuracy": [0.7671834826469421, 0.8075796961784363, 0.8129199147224426, 0.814987063407898, 0.8152454495429993, 0.8156761527061462, 0.8201550245285034, 0.8261843323707581, 0.8198105096817017, 0.818863034248352, 0.8212747573852539, 0.8282514810562134, 0.8211886286735535, 0.8205857276916504, 0.8278208374977112, 0.8283376693725586, 0.8282514810562134, 0.8062877058982849, 0.8357450366020203, 0.8290266990661621, 0.8350560069084167, 0.8352282643318176, 0.8376399874687195, 0.8335055708885193, 0.8135228157043457, 0.8254091143608093, 0.8381567597389221, 0.8239448666572571, 0.8275624513626099, 0.8392764925956726, 0.8422911167144775, 0.8366925120353699, 0.8338501453399658, 0.8369508981704712, 0.8368647694587708, 0.8430663347244263, 0.8322135806083679, 0.8419466018676758, 0.8347114324569702, 0.8447889685630798, 0.82049959897995, 0.8470284342765808, 0.8462532162666321, 0.8350560069084167, 0.8218777179718018, 0.8401378393173218, 0.8425495028495789, 0.843410849571228, 0.8371231555938721, 0.8400516510009766], "time_taken": "3096.74s"}