{"loss": [10.192182540893555, 1.502890944480896, 0.7821599245071411, 0.6157999038696289, 0.5611703395843506, 0.5330394506454468, 0.516262948513031, 0.509536862373352, 0.5022922158241272, 0.497211754322052, 0.49540287256240845, 0.48817771673202515, 0.48492056131362915, 0.48404964804649353, 0.48058900237083435, 0.4800511598587036, 0.4747350513935089, 0.47551676630973816, 0.4732418954372406, 0.4729141891002655, 0.4700416922569275, 0.46566784381866455, 0.4662264883518219, 0.4631843864917755, 0.4635005295276642, 0.46193695068359375, 0.4618852436542511, 0.46304434537887573, 0.4611053466796875, 0.45740678906440735, 0.458560049533844, 0.45649051666259766, 0.4602493643760681, 0.4552902281284332, 0.4567148685455322, 0.45703890919685364, 0.45544886589050293, 0.4524713158607483, 0.4545191526412964, 0.4507889151573181, 0.4550325870513916, 0.4531806409358978, 0.44704172015190125, 0.45163434743881226, 0.45043206214904785, 0.44635698199272156, 0.4487932324409485, 0.4480104446411133, 0.4488476514816284, 0.44499295949935913], "accuracy": [0.750129222869873, 0.7679586410522461, 0.7739448547363281, 0.773212730884552, 0.7737295627593994, 0.7766149640083313, 0.7804479002952576, 0.7798880338668823, 0.7809646725654602, 0.7813953757286072, 0.7841946482658386, 0.7872523665428162, 0.7855727672576904, 0.785615861415863, 0.7897502183914185, 0.7892334461212158, 0.7923341989517212, 0.7902669906616211, 0.7934969663619995, 0.7916451096534729, 0.7935830950737, 0.7975021600723267, 0.796554684638977, 0.7954780459403992, 0.7990095019340515, 0.7954349517822266, 0.8002153038978577, 0.7993109226226807, 0.7978466749191284, 0.8004306554794312, 0.8004737496376038, 0.8031438589096069, 0.8012489080429077, 0.8019810318946838, 0.7993109226226807, 0.8002153038978577, 0.800602912902832, 0.8034022450447083, 0.8021532893180847, 0.8047372698783875, 0.80374675989151, 0.8021532893180847, 0.8050387501716614, 0.80271315574646, 0.8040912747383118, 0.8065029978752136, 0.8062446117401123, 0.8090439438819885, 0.8043066263198853, 0.8087424635887146], "val_loss": [2.4983153343200684, 0.8901143670082092, 0.6110720634460449, 0.5277145504951477, 0.5174777507781982, 0.47518521547317505, 0.4458155333995819, 0.44469648599624634, 0.43337446451187134, 0.4398333728313446, 0.42525890469551086, 0.45687803626060486, 0.42849376797676086, 0.4194914698600769, 0.4145353436470032, 0.4153825044631958, 0.41252660751342773, 0.4155034124851227, 0.4287201762199402, 0.41726943850517273, 0.4082396328449249, 0.4065663516521454, 0.4065340459346771, 0.4026442766189575, 0.4005824029445648, 0.4054062068462372, 0.39968952536582947, 0.4041779041290283, 0.4030598998069763, 0.41074469685554504, 0.3970615565776825, 0.3983326554298401, 0.392179936170578, 0.4069631099700928, 0.39392271637916565, 0.3940543532371521, 0.3982236087322235, 0.39914411306381226, 0.3982175886631012, 0.38860681653022766, 0.39309802651405334, 0.39907509088516235, 0.3902586102485657, 0.39565983414649963, 0.39188170433044434, 0.39012885093688965, 0.3902035355567932, 0.3958408534526825, 0.3888685703277588, 0.3898526728153229], "val_accuracy": [0.8093884587287903, 0.8172265291213989, 0.8124892115592957, 0.8055986166000366, 0.7891472578048706, 0.8116279244422913, 0.8232558369636536, 0.8181740045547485, 0.8254952430725098, 0.8194659948348999, 0.8259259462356567, 0.8040482401847839, 0.8232558369636536, 0.828423798084259, 0.8271318078041077, 0.8327304124832153, 0.8331610560417175, 0.8344530463218689, 0.8183462619781494, 0.8300603032112122, 0.8359172940254211, 0.8328165411949158, 0.8385012745857239, 0.8350560069084167, 0.8378983736038208, 0.8338501453399658, 0.8367786407470703, 0.8364341259002686, 0.8345391750335693, 0.8319551944732666, 0.8391903638839722, 0.842377245426178, 0.8410852551460266, 0.8300603032112122, 0.8397071361541748, 0.8413436412811279, 0.8392764925956726, 0.839362621307373, 0.8341946601867676, 0.8436692357063293, 0.8395348787307739, 0.8419466018676758, 0.8426356315612793, 0.8397071361541748, 0.8401378393173218, 0.8412575125694275, 0.8403100967407227, 0.8374677300453186, 0.8418604731559753, 0.842377245426178], "time_taken": "3976.85s"}