{"loss": [11.34554386138916, 1.7859563827514648, 0.846748411655426, 0.6352778077125549, 0.566146731376648, 0.5310930609703064, 0.5127571821212769, 0.5053260922431946, 0.4962015748023987, 0.4874955415725708, 0.48205551505088806, 0.4813334047794342, 0.4769580066204071, 0.4741395115852356, 0.4678012430667877, 0.46371641755104065, 0.4608050584793091, 0.46055907011032104, 0.4603314697742462, 0.4588896930217743, 0.4524787664413452, 0.45677122473716736, 0.4526453912258148, 0.4497988522052765, 0.44584375619888306, 0.4475928843021393, 0.44341447949409485, 0.44405248761177063, 0.43952909111976624, 0.44327089190483093, 0.4419689178466797, 0.4374806880950928, 0.4377002418041229, 0.4320240914821625, 0.43203821778297424, 0.43501338362693787, 0.4328870177268982, 0.43499311804771423, 0.43249550461769104, 0.4319835603237152, 0.4289310574531555, 0.42778921127319336, 0.42985767126083374, 0.430883526802063, 0.4311314523220062, 0.4326127767562866, 0.4264548718929291, 0.43010202050209045, 0.42697492241859436, 0.4317265450954437], "accuracy": [0.7503445148468018, 0.7713178396224976, 0.7751938104629517, 0.7798880338668823, 0.7852713465690613, 0.7870370149612427, 0.7909560799598694, 0.7906115651130676, 0.7961670756340027, 0.7967269420623779, 0.7981911897659302, 0.7961670756340027, 0.8010766506195068, 0.7998277544975281, 0.8044788837432861, 0.8040912747383118, 0.8062877058982849, 0.808699369430542, 0.8044358491897583, 0.8058570027351379, 0.8090439438819885, 0.8092162013053894, 0.8095176815986633, 0.811972439289093, 0.8157622814178467, 0.8153316378593445, 0.8144271969795227, 0.813781201839447, 0.8168389201164246, 0.8152024149894714, 0.8136089444160461, 0.8196382522583008, 0.819293737411499, 0.823212742805481, 0.818260133266449, 0.8196812868118286, 0.8212747573852539, 0.8213178515434265, 0.8224806189537048, 0.8207148909568787, 0.8236003518104553, 0.8237295150756836, 0.8217484951019287, 0.8226098418235779, 0.8220499753952026, 0.82200688123703, 0.8235142230987549, 0.8231266140937805, 0.8257536888122559, 0.8212317228317261], "val_loss": [3.078009843826294, 1.029646396636963, 0.6622456312179565, 0.5278425216674805, 0.4894911050796509, 0.4649809002876282, 0.4641081392765045, 0.4506630301475525, 0.44586825370788574, 0.43724143505096436, 0.42485511302948, 0.42522192001342773, 0.4245907962322235, 0.4218613803386688, 0.4152694046497345, 0.4071636497974396, 0.4078848361968994, 0.4119660556316376, 0.4124746322631836, 0.40612953901290894, 0.4013446569442749, 0.4033568203449249, 0.4029529392719269, 0.4030461013317108, 0.40270042419433594, 0.39698225259780884, 0.39607542753219604, 0.4026416540145874, 0.3963779807090759, 0.41633832454681396, 0.39328986406326294, 0.4303446412086487, 0.4114002585411072, 0.3884338438510895, 0.3897685408592224, 0.3879479765892029, 0.38837677240371704, 0.39249545335769653, 0.39606377482414246, 0.3877105712890625, 0.3950241208076477, 0.38715508580207825, 0.38988062739372253, 0.39587724208831787, 0.39286747574806213, 0.39691975712776184, 0.3871699869632721, 0.38466283679008484, 0.4019480347633362, 0.38906005024909973], "val_accuracy": [0.8086132407188416, 0.8078380823135376, 0.802842378616333, 0.8164513111114502, 0.8186907768249512, 0.8216192722320557, 0.8181740045547485, 0.8210163712501526, 0.8203272819519043, 0.8254952430725098, 0.8285099267959595, 0.827390193939209, 0.8319551944732666, 0.8265288472175598, 0.8329887986183167, 0.8359172940254211, 0.8377261161804199, 0.8322135806083679, 0.835486650466919, 0.8350560069084167, 0.8379845023155212, 0.8386735320091248, 0.8399655222892761, 0.8352282643318176, 0.834280788898468, 0.8414298295974731, 0.8397932648658752, 0.8357450366020203, 0.8396210074424744, 0.8242893815040588, 0.8395348787307739, 0.8205857276916504, 0.8339362740516663, 0.8430663347244263, 0.8440138101577759, 0.8428940773010254, 0.8447889685630798, 0.839362621307373, 0.8391042351722717, 0.8431524634361267, 0.8391042351722717, 0.8480620384216309, 0.8437553644180298, 0.8382428884506226, 0.8382428884506226, 0.8386735320091248, 0.8440999388694763, 0.845219612121582, 0.834280788898468, 0.8457364439964294], "time_taken": "3072.31s"}