{"loss": [11.009214401245117, 1.9642586708068848, 0.9597885608673096, 0.7117053866386414, 0.6271305084228516, 0.5864794254302979, 0.5645898580551147, 0.5535873770713806, 0.5501027703285217, 0.5429380536079407, 0.5375372767448425, 0.5336867570877075, 0.5280134081840515, 0.5277513861656189, 0.5217810869216919, 0.5229629874229431, 0.5160902142524719, 0.5156837701797485, 0.5118154883384705, 0.5118014812469482, 0.509826123714447, 0.5103493928909302, 0.5076319575309753, 0.5025413632392883, 0.5040308237075806, 0.5028986930847168, 0.5001024603843689, 0.5042062997817993, 0.5018476247787476, 0.4993785321712494, 0.49795910716056824, 0.4970608949661255, 0.49679863452911377, 0.4928392171859741, 0.4970085024833679, 0.49090760946273804, 0.4946320652961731, 0.4933977723121643, 0.49299195408821106, 0.49311763048171997, 0.4909886121749878, 0.4887654185295105, 0.4910131096839905, 0.4900006651878357, 0.4889947474002838, 0.4885518550872803, 0.4861089289188385, 0.4877265691757202, 0.48663201928138733, 0.4921145737171173], "accuracy": [0.715417742729187, 0.742678701877594, 0.7456072568893433, 0.7514212131500244, 0.7519810795783997, 0.7538759708404541, 0.7559000849723816, 0.7579241991043091, 0.7547803521156311, 0.7546080946922302, 0.7569767236709595, 0.7587424516677856, 0.7648578882217407, 0.7636950612068176, 0.7641687989234924, 0.762403130531311, 0.7657192349433899, 0.7684323787689209, 0.7716623544692993, 0.7704564929008484, 0.7711024880409241, 0.7651593685150146, 0.7685185074806213, 0.773341953754425, 0.7674418687820435, 0.772437572479248, 0.7728682160377502, 0.7711886167526245, 0.7734280824661255, 0.7716623544692993, 0.7738587260246277, 0.7773470878601074, 0.7789405584335327, 0.7774763107299805, 0.77635657787323, 0.7794142961502075, 0.7782515287399292, 0.7748923301696777, 0.773212730884552, 0.7751076817512512, 0.779500424861908, 0.7804909348487854, 0.7762704491615295, 0.7780792713165283, 0.7807062864303589, 0.7811800241470337, 0.7798449397087097, 0.7811800241470337, 0.7815245389938354, 0.7775194048881531], "val_loss": [3.3431854248046875, 1.1831088066101074, 0.7390819191932678, 0.6214398145675659, 0.5465599894523621, 0.5182710289955139, 0.5118827223777771, 0.4969276487827301, 0.5059226155281067, 0.484020471572876, 0.4785637855529785, 0.4979741871356964, 0.4900553822517395, 0.4848765730857849, 0.48123839497566223, 0.4752998948097229, 0.48186179995536804, 0.4646994173526764, 0.46165838837623596, 0.46047067642211914, 0.4594062566757202, 0.4618842899799347, 0.46232274174690247, 0.4724627137184143, 0.45854076743125916, 0.47170400619506836, 0.45282411575317383, 0.45356911420822144, 0.45103633403778076, 0.4847845137119293, 0.45311668515205383, 0.4528914988040924, 0.4601287841796875, 0.4472515285015106, 0.4562840759754181, 0.44440680742263794, 0.44810768961906433, 0.44913190603256226, 0.44443318247795105, 0.44530224800109863, 0.46136176586151123, 0.4587351977825165, 0.44518187642097473, 0.4450021982192993, 0.442893922328949, 0.44300150871276855, 0.44200605154037476, 0.44081589579582214, 0.4455846846103668, 0.4430466294288635], "val_accuracy": [0.7443583011627197, 0.767355740070343, 0.7857881188392639, 0.773643434047699, 0.7925064563751221, 0.795951783657074, 0.7925925850868225, 0.7962962985038757, 0.7806201577186584, 0.7956933975219727, 0.7996554970741272, 0.7820844054222107, 0.7838931679725647, 0.7895779609680176, 0.7929370999336243, 0.7938845753669739, 0.7898363471031189, 0.8043927550315857, 0.8035314679145813, 0.805081844329834, 0.806890606880188, 0.8020671606063843, 0.8031868934631348, 0.7946597933769226, 0.8044788837432861, 0.7913005948066711, 0.8077519536018372, 0.8080964684486389, 0.804651141166687, 0.7828596234321594, 0.8085271120071411, 0.8061153888702393, 0.8015503883361816, 0.8085271120071411, 0.8042204976081848, 0.8133505582809448, 0.8112833499908447, 0.8115417957305908, 0.8134366869926453, 0.8127476572990417, 0.800000011920929, 0.8033591508865356, 0.8111110925674438, 0.8096468448638916, 0.8123169541358948, 0.8126614689826965, 0.8102498054504395, 0.8154177665710449, 0.8074935674667358, 0.810938835144043], "time_taken": "1787.63s"}