{"loss": [9.930757522583008, 1.3995285034179688, 0.7561058402061462, 0.6066588163375854, 0.5588418245315552, 0.535923957824707, 0.521938145160675, 0.509568452835083, 0.503268301486969, 0.5003350973129272, 0.4992245137691498, 0.4904581606388092, 0.48859044909477234, 0.48407474160194397, 0.48243600130081177, 0.4824390411376953, 0.4777195155620575, 0.4748890995979309, 0.470966100692749, 0.4731021821498871, 0.46557852625846863, 0.47082147002220154, 0.4659629762172699, 0.4710085093975067, 0.4655593931674957, 0.4684373140335083, 0.46433186531066895, 0.4612826108932495, 0.4628150761127472, 0.45963534712791443, 0.45882919430732727, 0.4565996527671814, 0.4603199064731598, 0.4596629738807678, 0.46029582619667053, 0.45172449946403503, 0.45491766929626465, 0.45832541584968567, 0.4581930339336395, 0.454674631357193, 0.45053088665008545, 0.45135754346847534, 0.4509412348270416, 0.4528830051422119, 0.4491625130176544, 0.45035412907600403, 0.45184364914894104, 0.44919103384017944, 0.4516496956348419, 0.4493601322174072], "accuracy": [0.7454780340194702, 0.7661498785018921, 0.7678725123405457, 0.773212730884552, 0.7734711170196533, 0.7759259343147278, 0.7757536768913269, 0.7802325487136841, 0.7804909348487854, 0.7816106677055359, 0.7808785438537598, 0.7867786288261414, 0.787726104259491, 0.7886735796928406, 0.7847976088523865, 0.7851421236991882, 0.7899655699729919, 0.7900947332382202, 0.791774332523346, 0.7890611290931702, 0.7972868084907532, 0.7930663228034973, 0.7956072092056274, 0.7901378273963928, 0.7942290902137756, 0.7931955456733704, 0.7935830950737, 0.7987080216407776, 0.7966839075088501, 0.7973299026489258, 0.7996554970741272, 0.799698531627655, 0.8000861406326294, 0.7972437739372253, 0.8000861406326294, 0.8040482401847839, 0.8015503883361816, 0.8004306554794312, 0.7984496355056763, 0.8004306554794312, 0.8029285073280334, 0.8007751703262329, 0.8017226457595825, 0.8014211654663086, 0.8067183494567871, 0.8037898540496826, 0.80374675989151, 0.805081844329834, 0.8025839924812317, 0.8012058734893799], "val_loss": [2.3054349422454834, 0.8540611863136292, 0.5785675048828125, 0.4997740685939789, 0.4692784547805786, 0.4509245753288269, 0.44615107774734497, 0.43874138593673706, 0.4607449173927307, 0.4216115474700928, 0.43258771300315857, 0.4170592725276947, 0.4112991988658905, 0.4125254154205322, 0.4186437129974365, 0.4190823435783386, 0.42508983612060547, 0.4083852171897888, 0.4161268174648285, 0.4089154899120331, 0.4033551812171936, 0.4039963483810425, 0.39918237924575806, 0.40172436833381653, 0.42934495210647583, 0.39853835105895996, 0.3974199593067169, 0.3938228487968445, 0.40061575174331665, 0.38937854766845703, 0.4007406234741211, 0.3902316689491272, 0.39486294984817505, 0.3931155800819397, 0.39228567481040955, 0.392861008644104, 0.38749074935913086, 0.3888125419616699, 0.3898954391479492, 0.39091718196868896, 0.3849327564239502, 0.38684600591659546, 0.3981111943721771, 0.3838370144367218, 0.38425081968307495, 0.38612306118011475, 0.38673022389411926, 0.3827947974205017, 0.38645365834236145, 0.38203179836273193], "val_accuracy": [0.8136089444160461, 0.8024978637695312, 0.8245478272438049, 0.8271318078041077, 0.8287683129310608, 0.8301464319229126, 0.8268733620643616, 0.8289405703544617, 0.8080103397369385, 0.8343669176101685, 0.8238587379455566, 0.8348837494850159, 0.8368647694587708, 0.8356589078903198, 0.8294573426246643, 0.8276485800743103, 0.8199827671051025, 0.8344530463218689, 0.8270456790924072, 0.838329017162323, 0.8386735320091248, 0.8402239680290222, 0.8415159583091736, 0.8397932648658752, 0.8165374398231506, 0.8430663347244263, 0.841171383857727, 0.8420327305793762, 0.8391042351722717, 0.8445305824279785, 0.8384151458740234, 0.8422049880027771, 0.8409129977226257, 0.839362621307373, 0.8422049880027771, 0.8448750972747803, 0.8454780578613281, 0.8451334834098816, 0.8439276218414307, 0.842377245426178, 0.8453919291496277, 0.8468561768531799, 0.8370370268821716, 0.8465977311134338, 0.8455641865730286, 0.8444444537162781, 0.8440999388694763, 0.8478897213935852, 0.8444444537162781, 0.8460809588432312], "time_taken": "3959.88s"}