{"loss": [3.453010320663452, 0.5866751074790955, 0.41766586899757385, 0.38503512740135193, 0.3719334900379181, 0.3684866726398468, 0.36158517003059387, 0.35349518060684204, 0.34815460443496704, 0.3448648154735565, 0.3369123041629791, 0.333022803068161, 0.330425888299942, 0.3232487738132477, 0.3180457055568695, 0.31515181064605713, 0.31047993898391724, 0.3039512634277344, 0.3039540648460388, 0.30066680908203125, 0.29234951734542847, 0.2842234969139099, 0.2862967550754547, 0.28328245878219604, 0.278827428817749, 0.2747877836227417, 0.2713141441345215, 0.26730072498321533, 0.2637009024620056, 0.2601650059223175, 0.25332537293434143, 0.25172144174575806, 0.2502300441265106, 0.24729782342910767, 0.23941832780838013, 0.2396058738231659, 0.23158104717731476, 0.23615890741348267, 0.22449685633182526, 0.2215173840522766, 0.22970083355903625, 0.21914851665496826, 0.2151225209236145, 0.2129545956850052, 0.21090248227119446, 0.2094455063343048, 0.20799221098423004, 0.20064584910869598, 0.19770823419094086, 0.19827426970005035, 0.19411127269268036, 0.19225047528743744, 0.1875809133052826, 0.18101006746292114, 0.1817372739315033, 0.18283919990062714, 0.1778586506843567, 0.17504411935806274, 0.1750299483537674, 0.1720314770936966, 0.1733616441488266], "accuracy": [0.7732988595962524, 0.8040051460266113, 0.814211905002594, 0.8186907768249512, 0.8267441987991333, 0.8257967233657837, 0.8284668326377869, 0.8356589078903198, 0.8359172940254211, 0.8401808738708496, 0.8442721962928772, 0.8445305824279785, 0.8494401574134827, 0.8532299995422363, 0.853445291519165, 0.854651153087616, 0.8560723662376404, 0.861068069934845, 0.8621016144752502, 0.8617570996284485, 0.8677433133125305, 0.8732988834381104, 0.8708010315895081, 0.8732988834381104, 0.8767442107200623, 0.8764857649803162, 0.8804048299789429, 0.8808785676956177, 0.8826012015342712, 0.8850129246711731, 0.8863910436630249, 0.889362633228302, 0.8894487619400024, 0.8894917964935303, 0.8951334953308105, 0.8954349756240845, 0.9001291990280151, 0.8965116143226624, 0.9048665165901184, 0.9031007885932922, 0.9006459712982178, 0.906287670135498, 0.908527135848999, 0.908397912979126, 0.9104220271110535, 0.910637378692627, 0.909431517124176, 0.9130491018295288, 0.9164944291114807, 0.9161929488182068, 0.9170112013816833, 0.9191645383834839, 0.9211025238037109, 0.9242894053459167, 0.9241601824760437, 0.923040509223938, 0.9257106184959412, 0.928897500038147, 0.926787257194519, 0.9294142723083496, 0.9289405941963196], "val_loss": [0.9147529006004333, 0.5041806697845459, 0.48514270782470703, 0.43289515376091003, 0.42970624566078186, 0.42393621802330017, 0.41554543375968933, 0.43374982476234436, 0.41534751653671265, 0.418129563331604, 0.4234699606895447, 0.4333197772502899, 0.4186665713787079, 0.3996964693069458, 0.4088541269302368, 0.4341680705547333, 0.42219096422195435, 0.4143124520778656, 0.4013426601886749, 0.40602919459342957, 0.4470907151699066, 0.4345362186431885, 0.4188917279243469, 0.41437074542045593, 0.40944021940231323, 0.417305588722229, 0.415397047996521, 0.4517291784286499, 0.4308382272720337, 0.43985050916671753, 0.423508882522583, 0.436183899641037, 0.44542357325553894, 0.4452436864376068, 0.4413103461265564, 0.4579256474971771, 0.48902595043182373, 0.4434422552585602, 0.44606322050094604, 0.4948829710483551, 0.4497464895248413, 0.4876352548599243, 0.46847110986709595, 0.49921196699142456, 0.4614045321941376, 0.46489784121513367, 0.4761908948421478, 0.4487459063529968, 0.579670250415802, 0.48584645986557007, 0.4704359769821167, 0.4935448169708252, 0.5111144185066223, 0.5057516098022461, 0.5662630200386047, 0.48889797925949097, 0.4932975471019745, 0.538790762424469, 0.5708079934120178, 0.5823401808738708, 0.5608848333358765], "val_accuracy": [0.7775194048881531, 0.7888888716697693, 0.7834625244140625, 0.8042204976081848, 0.8069767355918884, 0.8066322207450867, 0.810938835144043, 0.8074073791503906, 0.8141257762908936, 0.8103359341621399, 0.8049957156181335, 0.7924203276634216, 0.8080103397369385, 0.818260133266449, 0.8112833499908447, 0.8124892115592957, 0.816020667552948, 0.8092162013053894, 0.8176571726799011, 0.8191214203834534, 0.8032730221748352, 0.8102498054504395, 0.8060292601585388, 0.8155038952827454, 0.817054271697998, 0.8156761527061462, 0.8143841624259949, 0.8167097568511963, 0.8184323906898499, 0.8166236281394958, 0.8221361041069031, 0.814211905002594, 0.818863034248352, 0.8164513111114502, 0.818260133266449, 0.813781201839447, 0.8044788837432861, 0.8122308254241943, 0.8118001818656921, 0.8075796961784363, 0.817054271697998, 0.8072351217269897, 0.8132644295692444, 0.8048233985900879, 0.8093884587287903, 0.8075796961784363, 0.800000011920929, 0.8168820142745972, 0.7917312383651733, 0.8098191022872925, 0.8047372698783875, 0.8099913597106934, 0.8035314679145813, 0.8126614689826965, 0.8067183494567871, 0.8025839924812317, 0.804651141166687, 0.8041343688964844, 0.779500424861908, 0.8008612990379333, 0.8062015771865845], "time_taken": "2185.47s"}