{"loss": [3.309299945831299, 0.5156089067459106, 0.3752898871898651, 0.345838338136673, 0.33245640993118286, 0.3195272982120514, 0.3139512240886688, 0.306527704000473, 0.2954300045967102, 0.28900450468063354, 0.28252458572387695, 0.27398383617401123, 0.2651936411857605, 0.2623710632324219, 0.25221553444862366, 0.24842025339603424, 0.24254316091537476, 0.23832008242607117, 0.23964428901672363, 0.2255917191505432, 0.22139695286750793, 0.21600595116615295, 0.21523712575435638, 0.2118888944387436, 0.2042292058467865, 0.19247829914093018, 0.190989151597023, 0.1927017867565155, 0.18604323267936707, 0.17911949753761292, 0.17476022243499756, 0.17303958535194397, 0.17298196256160736, 0.16501788794994354, 0.16587235033512115, 0.16273152828216553, 0.1537257581949234, 0.15200923383235931, 0.1489894837141037], "accuracy": [0.8013781309127808, 0.8268733620643616, 0.8354005217552185, 0.8425925970077515, 0.8479759097099304, 0.8544788956642151, 0.8567183613777161, 0.8618001937866211, 0.8683031797409058, 0.869896650314331, 0.8714039325714111, 0.8783807158470154, 0.8808785676956177, 0.8831179738044739, 0.8888888955116272, 0.8909560441970825, 0.8942722082138062, 0.8947458863258362, 0.8958225846290588, 0.902540922164917, 0.9045219421386719, 0.9079672694206238, 0.9077950119972229, 0.9109388589859009, 0.913608968257904, 0.9181739687919617, 0.9187769293785095, 0.9194229245185852, 0.9204134345054626, 0.9257967472076416, 0.926658034324646, 0.9282945990562439, 0.9294573664665222, 0.9325581192970276, 0.9311800003051758, 0.9337639808654785, 0.935917317867279, 0.9375538229942322, 0.9375969171524048], "val_loss": [0.7846258282661438, 0.422597199678421, 0.3840821087360382, 0.37014487385749817, 0.3531626760959625, 0.3532660901546478, 0.35972243547439575, 0.34155163168907166, 0.3458634614944458, 0.34335216879844666, 0.3400757908821106, 0.3416908383369446, 0.36543405055999756, 0.33820122480392456, 0.3510662913322449, 0.3504146933555603, 0.38373517990112305, 0.3598993122577667, 0.3730282485485077, 0.3570132553577423, 0.4014694392681122, 0.40264949202537537, 0.37909120321273804, 0.40864264965057373, 0.40472412109375, 0.40887266397476196, 0.38333308696746826, 0.4081905782222748, 0.43557512760162354, 0.3937797248363495, 0.38892611861228943, 0.42081835865974426, 0.3980651795864105, 0.3967318832874298, 0.4855792224407196, 0.4402543008327484, 0.4313600957393646, 0.42874836921691895, 0.4598945379257202], "val_accuracy": [0.8184323906898499, 0.8270456790924072, 0.835486650466919, 0.8346253037452698, 0.8447028398513794, 0.8415159583091736, 0.8373815417289734, 0.8458225727081299, 0.8527992963790894, 0.8527131676673889, 0.8508182764053345, 0.8491817116737366, 0.8450473546981812, 0.8445305824279785, 0.8488371968269348, 0.8501291871070862, 0.8391042351722717, 0.8521102666854858, 0.8468561768531799, 0.8480620384216309, 0.8450473546981812, 0.8396210074424744, 0.8469423055648804, 0.8404823541641235, 0.8504737019538879, 0.8462532162666321, 0.8418604731559753, 0.844616711139679, 0.8473729491233826, 0.8426356315612793, 0.8487510681152344, 0.8448750972747803, 0.8469423055648804, 0.8478035926818848, 0.846683919429779, 0.8460809588432312, 0.8437553644180298, 0.8353143930435181, 0.8389319777488708], "time_taken": "3077.72s"}