{"loss": [3.37949538230896, 0.5166518688201904, 0.35960841178894043, 0.3195882737636566, 0.3094582259654999, 0.297535240650177, 0.28558680415153503, 0.2743610739707947, 0.26617997884750366, 0.26059871912002563, 0.2499847263097763, 0.2388550192117691, 0.2354010045528412, 0.22527699172496796, 0.22003625333309174, 0.21173518896102905, 0.21009378135204315, 0.2007123976945877, 0.19561661779880524, 0.19105462729930878, 0.18326839804649353, 0.17743730545043945, 0.17496128380298615, 0.16856594383716583, 0.16256116330623627, 0.1612989753484726, 0.15988267958164215, 0.15293850004673004, 0.14752167463302612, 0.14457014203071594, 0.1360158771276474, 0.13477037847042084, 0.1339523047208786, 0.13331690430641174, 0.13035249710083008, 0.11971975862979889, 0.12072358280420303, 0.1188800111413002, 0.11247257888317108, 0.11169232428073883, 0.11125056445598602, 0.10951970517635345, 0.10570882260799408, 0.10358577966690063], "accuracy": [0.8050387501716614, 0.832041323184967, 0.8447889685630798, 0.8581395149230957, 0.8602067232131958, 0.8674849271774292, 0.8723083734512329, 0.8770025968551636, 0.882041335105896, 0.8845822811126709, 0.8921619057655334, 0.8970714807510376, 0.8986218571662903, 0.9029285311698914, 0.905254065990448, 0.9080964922904968, 0.9108096361160278, 0.9136520028114319, 0.9190353155136108, 0.9194229245185852, 0.9232988953590393, 0.924849271774292, 0.9297588467597961, 0.9312661290168762, 0.9318690896034241, 0.9337639808654785, 0.9332472085952759, 0.9365202188491821, 0.941171407699585, 0.9419035315513611, 0.9444444179534912, 0.9452627301216125, 0.9474160075187683, 0.94728684425354, 0.9481050968170166, 0.9535744786262512, 0.9512919783592224, 0.9520241022109985, 0.9537898302078247, 0.9560723304748535, 0.9555555582046509, 0.9574504494667053, 0.9581825733184814, 0.9611541628837585], "val_loss": [0.8309816718101501, 0.4595683217048645, 0.40465259552001953, 0.3731129467487335, 0.363008975982666, 0.34608107805252075, 0.3636024296283722, 0.35802769660949707, 0.36595889925956726, 0.34685203433036804, 0.3604034185409546, 0.3570702075958252, 0.41074037551879883, 0.3747631013393402, 0.3741319477558136, 0.3739670515060425, 0.3822128176689148, 0.38400381803512573, 0.3730562627315521, 0.3935702443122864, 0.39220330119132996, 0.3965820372104645, 0.3972272574901581, 0.3630577027797699, 0.4198927581310272, 0.44610628485679626, 0.44098883867263794, 0.4446665048599243, 0.4580787122249603, 0.43626096844673157, 0.4316795766353607, 0.4583301842212677, 0.5932835936546326, 0.4201592803001404, 0.4742703139781952, 0.4736652076244354, 0.6022635102272034, 0.453980952501297, 0.5042332410812378, 0.5450142025947571, 0.5440367460250854, 0.5491979718208313, 0.49698320031166077, 0.5178812742233276], "val_accuracy": [0.8073212504386902, 0.8096468448638916, 0.8153316378593445, 0.8362618684768677, 0.8378983736038208, 0.8443583250045776, 0.8334194421768188, 0.8401378393173218, 0.8447028398513794, 0.847459077835083, 0.8402239680290222, 0.845650315284729, 0.8254952430725098, 0.8480620384216309, 0.8430663347244263, 0.844616711139679, 0.8441860675811768, 0.846425473690033, 0.8459087014198303, 0.8431524634361267, 0.8448750972747803, 0.8447889685630798, 0.8461670875549316, 0.8392764925956726, 0.8391042351722717, 0.8404823541641235, 0.822911262512207, 0.8478897213935852, 0.8410852551460266, 0.8409129977226257, 0.8425495028495789, 0.8389319777488708, 0.8126614689826965, 0.8392764925956726, 0.8353143930435181, 0.8408268690109253, 0.8283376693725586, 0.839362621307373, 0.8369508981704712, 0.8323858976364136, 0.828423798084259, 0.8335055708885193, 0.8298019170761108, 0.8349698781967163], "time_taken": "2658.55s"}