{"loss": [3.40517258644104, 0.504655122756958, 0.35674118995666504, 0.32581424713134766, 0.30666622519493103, 0.297505259513855, 0.29068723320961, 0.27422210574150085, 0.26254990696907043, 0.2611207067966461, 0.25027337670326233, 0.24408979713916779, 0.23740273714065552, 0.23041701316833496, 0.22043198347091675, 0.21494817733764648, 0.20981402695178986, 0.19712021946907043, 0.19992206990718842, 0.1900145411491394, 0.18789520859718323, 0.1771555095911026, 0.17965282499790192, 0.17111562192440033, 0.16654814779758453, 0.16040658950805664, 0.15696370601654053, 0.15385860204696655, 0.14554695785045624, 0.14041198790073395, 0.14245422184467316, 0.14058542251586914, 0.1326732337474823, 0.13053715229034424, 0.13022208213806152, 0.12135136872529984, 0.11799398064613342, 0.11602220684289932, 0.11472134292125702, 0.11257293820381165, 0.11225172877311707, 0.11173629015684128, 0.10798046737909317, 0.10408911108970642, 0.10033679008483887, 0.10035321861505508], "accuracy": [0.7992247939109802, 0.8344961404800415, 0.8422911167144775, 0.8526270389556885, 0.8616279363632202, 0.8663651943206787, 0.8692075610160828, 0.8763996362686157, 0.8819552063941956, 0.8840654492378235, 0.8922911286354065, 0.8942722082138062, 0.8964254856109619, 0.9009905457496643, 0.9052971601486206, 0.9079672694206238, 0.9105943441390991, 0.9153746962547302, 0.9136950969696045, 0.9213609099388123, 0.9214900732040405, 0.9260120391845703, 0.9260120391845703, 0.9280792474746704, 0.932644248008728, 0.9335486888885498, 0.9350990653038025, 0.9375969171524048, 0.9399224519729614, 0.9437553882598877, 0.9419896602630615, 0.9432386159896851, 0.9471145272254944, 0.9485357403755188, 0.9467700123786926, 0.9515934586524963, 0.9536175727844238, 0.9536175727844238, 0.9548664689064026, 0.954952597618103, 0.9552971720695496, 0.956158459186554, 0.9586132764816284, 0.9586994051933289, 0.961240291595459, 0.9593023061752319], "val_loss": [0.8085964322090149, 0.4496784806251526, 0.40051376819610596, 0.3563464283943176, 0.352304607629776, 0.37125587463378906, 0.3508027493953705, 0.3381793200969696, 0.3506348729133606, 0.3549517095088959, 0.3382858335971832, 0.34486380219459534, 0.3804076313972473, 0.3430841565132141, 0.3555103540420532, 0.3582826554775238, 0.37574970722198486, 0.3837791085243225, 0.35686567425727844, 0.36862438917160034, 0.40555787086486816, 0.39817115664482117, 0.38959023356437683, 0.4209822714328766, 0.5191130042076111, 0.4060173034667969, 0.46407145261764526, 0.4003553092479706, 0.4136579930782318, 0.4509603679180145, 0.4125227630138397, 0.4357568323612213, 0.4537731111049652, 0.42734888195991516, 0.41381385922431946, 0.46879294514656067, 0.5080612897872925, 0.4399580657482147, 0.4483463764190674, 0.44680026173591614, 0.4268321394920349, 0.463519424200058, 0.4700345993041992, 0.5467513203620911, 0.5411314368247986, 0.5181293487548828], "val_accuracy": [0.8080964684486389, 0.8076658248901367, 0.8110249638557434, 0.8396210074424744, 0.8436692357063293, 0.8378983736038208, 0.8451334834098816, 0.8498708009719849, 0.8494401574134827, 0.8503875732421875, 0.8470284342765808, 0.8504737019538879, 0.8454780578613281, 0.8508182764053345, 0.851507306098938, 0.8521963953971863, 0.8459087014198303, 0.8443583250045776, 0.8503014445304871, 0.851507306098938, 0.843410849571228, 0.8472868204116821, 0.8440999388694763, 0.8453919291496277, 0.8144702911376953, 0.8480620384216309, 0.8485788106918335, 0.8480620384216309, 0.8494401574134827, 0.8480620384216309, 0.8503014445304871, 0.8504737019538879, 0.8440999388694763, 0.8469423055648804, 0.8400516510009766, 0.8484926819801331, 0.8351421356201172, 0.8447028398513794, 0.8442721962928772, 0.8409129977226257, 0.8427218198776245, 0.8433247208595276, 0.842807948589325, 0.8415159583091736, 0.8414298295974731, 0.8402239680290222], "time_taken": "2079.86s"}