{"loss": [3.381659746170044, 0.5779561400413513, 0.4209814965724945, 0.3907496929168701, 0.3797144591808319, 0.3712332546710968, 0.36065828800201416, 0.35386836528778076, 0.349448025226593, 0.3425438404083252, 0.34010374546051025, 0.3326253592967987, 0.3256279230117798, 0.32216766476631165, 0.3204464316368103, 0.31465309858322144, 0.3093016743659973, 0.3098161220550537, 0.2986615300178528, 0.2971607446670532, 0.29393041133880615, 0.2887479066848755, 0.28261908888816833, 0.2831918001174927, 0.2766680121421814, 0.2741996645927429, 0.27029451727867126, 0.2668743133544922, 0.2617136240005493, 0.2622034251689911, 0.25127196311950684, 0.25459548830986023, 0.24369053542613983, 0.24647121131420135, 0.2420116662979126, 0.23763859272003174, 0.2344977706670761, 0.2291492372751236, 0.2259499579668045, 0.21784992516040802, 0.22459714114665985, 0.2146802544593811, 0.21577779948711395, 0.21042130887508392, 0.20531591773033142, 0.20402440428733826, 0.20525972545146942, 0.19560515880584717, 0.1944500356912613, 0.1881437450647354, 0.1920793354511261, 0.1889011710882187, 0.18257980048656464], "accuracy": [0.7760120630264282, 0.8040912747383118, 0.8142549395561218, 0.8201119899749756, 0.8201119899749756, 0.8267011046409607, 0.8316968083381653, 0.8357450366020203, 0.8362187743186951, 0.8389750123023987, 0.8400086164474487, 0.8459948301315308, 0.851938009262085, 0.8529715538024902, 0.8559862375259399, 0.8548665046691895, 0.8588716387748718, 0.8595176339149475, 0.8649870753288269, 0.8657622933387756, 0.8686476945877075, 0.8708441257476807, 0.8736433982849121, 0.8730835318565369, 0.8767011165618896, 0.879328191280365, 0.8800603151321411, 0.8816106915473938, 0.8863049149513245, 0.8859173059463501, 0.8916020393371582, 0.8896210193634033, 0.8961670994758606, 0.8933247327804565, 0.8927648663520813, 0.897459089756012, 0.898492693901062, 0.9006029367446899, 0.9042205214500427, 0.9068475365638733, 0.9073212742805481, 0.9072781801223755, 0.9077519178390503, 0.9117140173912048, 0.914513349533081, 0.913910448551178, 0.9128337502479553, 0.917527973651886, 0.9180448055267334, 0.9221360683441162, 0.91886305809021, 0.9204134345054626, 0.9246339201927185], "val_loss": [0.9054423570632935, 0.5072112679481506, 0.4538543224334717, 0.4476960301399231, 0.4450189769268036, 0.44647204875946045, 0.41633301973342896, 0.42081570625305176, 0.41482990980148315, 0.4295107424259186, 0.4102709889411926, 0.415265828371048, 0.4216969609260559, 0.4056447148323059, 0.4119977056980133, 0.41798755526542664, 0.42346853017807007, 0.41443103551864624, 0.41956084966659546, 0.40642687678337097, 0.4637208580970764, 0.41993987560272217, 0.4059007465839386, 0.4150635898113251, 0.4287489056587219, 0.4247286021709442, 0.4295271039009094, 0.4207605719566345, 0.4247589707374573, 0.4347439706325531, 0.42690491676330566, 0.41054993867874146, 0.46925026178359985, 0.44434061646461487, 0.46157360076904297, 0.4335169196128845, 0.4570115804672241, 0.4803244173526764, 0.4735429883003235, 0.48785701394081116, 0.6202847361564636, 0.44103115797042847, 0.4736212193965912, 0.4657283425331116, 0.48720720410346985, 0.5337771773338318, 0.4812109172344208, 0.5407811403274536, 0.503757894039154, 0.5621862411499023, 0.474598228931427, 0.47476616501808167, 0.4882543683052063], "val_accuracy": [0.7739879488945007, 0.7891472578048706, 0.7916451096534729, 0.7939707040786743, 0.7879414558410645, 0.7944014072418213, 0.8036175966262817, 0.7999138832092285, 0.8095607161521912, 0.8040482401847839, 0.8083548545837402, 0.8107665777206421, 0.8024978637695312, 0.8116279244422913, 0.8120585680007935, 0.7999138832092285, 0.8080103397369385, 0.8103359341621399, 0.8055124878883362, 0.809130072593689, 0.7835486531257629, 0.7993970513343811, 0.8152454495429993, 0.8086132407188416, 0.8022394776344299, 0.806890606880188, 0.8082687258720398, 0.8069767355918884, 0.8060292601585388, 0.7981050610542297, 0.8105081915855408, 0.814211905002594, 0.8037898540496826, 0.8087855577468872, 0.8012058734893799, 0.8074073791503906, 0.7981911897659302, 0.8018949031829834, 0.8014642596244812, 0.795521080493927, 0.7677863836288452, 0.8111110925674438, 0.8006890416145325, 0.810938835144043, 0.795521080493927, 0.7726098299026489, 0.8117140531539917, 0.8021532893180847, 0.8049957156181335, 0.7801895141601562, 0.8103359341621399, 0.8078380823135376, 0.7894918322563171], "time_taken": "1044.75s"}