{"loss": [3.260958433151245, 0.49022457003593445, 0.3684981167316437, 0.3434925377368927, 0.3287593722343445, 0.32037150859832764, 0.3123665750026703, 0.30670538544654846, 0.29750847816467285, 0.2848627269268036, 0.2837736904621124, 0.2741539478302002, 0.2668188214302063, 0.2617061734199524, 0.2531343400478363, 0.24417079985141754, 0.24145261943340302, 0.23696760833263397, 0.23320215940475464, 0.2238580286502838, 0.21630731225013733, 0.21552440524101257, 0.21012042462825775, 0.20518752932548523, 0.19844649732112885, 0.19357042014598846, 0.1915140002965927, 0.19023792445659637, 0.18629273772239685, 0.17902764678001404, 0.17779742181301117, 0.16741517186164856, 0.16717413067817688, 0.16320888698101044, 0.16042828559875488, 0.15655797719955444, 0.15184611082077026, 0.14870943129062653, 0.1465611457824707, 0.14882269501686096, 0.14593903720378876, 0.13953913748264313, 0.13748900592327118, 0.13080182671546936, 0.1319546401500702, 0.12632548809051514, 0.12707580626010895, 0.125686377286911, 0.12281050533056259, 0.12362934648990631, 0.11779171973466873, 0.11587303131818771, 0.1161741092801094, 0.11189259588718414, 0.11672363430261612, 0.10984906554222107, 0.1050056740641594, 0.10231796652078629, 0.10156096518039703], "accuracy": [0.8022825121879578, 0.8276054859161377, 0.8362187743186951, 0.8453058004379272, 0.8505598902702332, 0.8559001088142395, 0.8618863224983215, 0.8629629611968994, 0.8672695755958557, 0.8721791505813599, 0.8726528882980347, 0.8776054978370667, 0.8826442956924438, 0.8846253156661987, 0.8900516629219055, 0.8936262130737305, 0.8966408371925354, 0.8962101340293884, 0.8981912136077881, 0.905684769153595, 0.9072351455688477, 0.9089147448539734, 0.9111972451210022, 0.9130921363830566, 0.915848433971405, 0.9189922213554382, 0.9189491868019104, 0.9211455583572388, 0.9228251576423645, 0.9252799153327942, 0.9271317720413208, 0.9310508370399475, 0.9312230944633484, 0.9334625601768494, 0.9337209463119507, 0.9344961047172546, 0.9385012984275818, 0.9397071599960327, 0.9406115412712097, 0.9414297938346863, 0.941300630569458, 0.9445736408233643, 0.9437984228134155, 0.9464254975318909, 0.9473298788070679, 0.9509474635124207, 0.9488802552223206, 0.949999988079071, 0.950430691242218, 0.9519379734992981, 0.9539190530776978, 0.9546080827713013, 0.9532299637794495, 0.956287682056427, 0.9529715776443481, 0.956158459186554, 0.9588285684585571, 0.9608096480369568, 0.9612833857536316], "val_loss": [0.7316346764564514, 0.4072065055370331, 0.48356154561042786, 0.3632253110408783, 0.3540058135986328, 0.35084089636802673, 0.3509521186351776, 0.35447052121162415, 0.3473454713821411, 0.3443624973297119, 0.34745606780052185, 0.3577323257923126, 0.3458850085735321, 0.34105604887008667, 0.3583453297615051, 0.34563395380973816, 0.35894203186035156, 0.3685128688812256, 0.35364893078804016, 0.3616003096103668, 0.35369279980659485, 0.36660391092300415, 0.36116158962249756, 0.3929399847984314, 0.3850513994693756, 0.4146040976047516, 0.3864348530769348, 0.3819129765033722, 0.38243162631988525, 0.39740419387817383, 0.45782923698425293, 0.41735324263572693, 0.4396488666534424, 0.3994091749191284, 0.4152437448501587, 0.42983120679855347, 0.42733803391456604, 0.4171983003616333, 0.4213716983795166, 0.4973904490470886, 0.4274156391620636, 0.47199007868766785, 0.4596344828605652, 0.4366911053657532, 0.4562285840511322, 0.5282499194145203, 0.48287200927734375, 0.44586366415023804, 0.5261485576629639, 0.4513776898384094, 0.4534440338611603, 0.5066095590591431, 0.4544313848018646, 0.5368517637252808, 0.44519031047821045, 0.5081659555435181, 0.511347234249115, 0.5586385130882263, 0.4860841929912567], "val_accuracy": [0.8184323906898499, 0.8310939073562622, 0.7711455821990967, 0.8385874032974243, 0.8407407402992249, 0.8395348787307739, 0.8453058004379272, 0.8349698781967163, 0.8487510681152344, 0.8485788106918335, 0.8453058004379272, 0.8392764925956726, 0.8421188592910767, 0.8486649394035339, 0.8399655222892761, 0.8480620384216309, 0.8485788106918335, 0.8353143930435181, 0.8389319777488708, 0.8463393449783325, 0.8463393449783325, 0.8416882157325745, 0.8490094542503357, 0.8445305824279785, 0.8485788106918335, 0.8478035926818848, 0.8418604731559753, 0.8484065532684326, 0.853746771812439, 0.8455641865730286, 0.8277347087860107, 0.8495262861251831, 0.8374677300453186, 0.8489233255386353, 0.8362618684768677, 0.8422911167144775, 0.8440138101577759, 0.8453919291496277, 0.8333333134651184, 0.8313522934913635, 0.8497846722602844, 0.8400516510009766, 0.8445305824279785, 0.8316106796264648, 0.8472868204116821, 0.8364341259002686, 0.8492678999900818, 0.8465977311134338, 0.8331610560417175, 0.834280788898468, 0.8447028398513794, 0.8363479971885681, 0.842807948589325, 0.8290266990661621, 0.8392764925956726, 0.8410852551460266, 0.8345391750335693, 0.8447889685630798, 0.8263565897941589], "time_taken": "3875.06s"}