{"loss": [3.37772536277771, 0.5637065172195435, 0.4137689769268036, 0.38870176672935486, 0.37699124217033386, 0.3690889775753021, 0.35989394783973694, 0.3555631637573242, 0.3459891676902771, 0.34369146823883057, 0.33999425172805786, 0.33190208673477173, 0.32994529604911804, 0.32673391699790955, 0.31984344124794006, 0.3167150616645813, 0.3112237751483917, 0.30814042687416077, 0.3005189895629883, 0.2994433343410492, 0.29550468921661377, 0.2871720790863037, 0.28706246614456177, 0.28235167264938354, 0.2777150273323059, 0.2774781882762909, 0.2707705497741699, 0.26796552538871765, 0.26343873143196106, 0.2595677971839905, 0.25505122542381287, 0.24863292276859283, 0.25021958351135254, 0.2478514313697815, 0.24240995943546295, 0.23793406784534454, 0.23572643101215363, 0.23273871839046478, 0.22976230084896088, 0.22369161248207092, 0.22286023199558258, 0.2178104966878891, 0.215228870511055, 0.21088644862174988, 0.20884163677692413, 0.20725907385349274, 0.19949990510940552, 0.2043376863002777, 0.20409001410007477, 0.19452719390392303, 0.19464623928070068, 0.1901848167181015, 0.18687190115451813, 0.18267348408699036, 0.18425682187080383], "accuracy": [0.772437572479248, 0.8017226457595825, 0.8171834349632263, 0.816925048828125, 0.8238587379455566, 0.8256244659423828, 0.8324289321899414, 0.8350129127502441, 0.8388027548789978, 0.841171383857727, 0.8433247208595276, 0.8455641865730286, 0.8479328155517578, 0.8490094542503357, 0.8551248908042908, 0.8552971482276917, 0.8572782278060913, 0.8603789806365967, 0.8651162981987, 0.8645994663238525, 0.8673126697540283, 0.8717485070228577, 0.8720930218696594, 0.8704995512962341, 0.8744186162948608, 0.8768303394317627, 0.8784237504005432, 0.8832041621208191, 0.8837639689445496, 0.8864341378211975, 0.8869078159332275, 0.8913436532020569, 0.8910422325134277, 0.8920327425003052, 0.8936692476272583, 0.8954780101776123, 0.8983204364776611, 0.9011197090148926, 0.8995262980461121, 0.9038759469985962, 0.9068045020103455, 0.9066752791404724, 0.9071490168571472, 0.9113695025444031, 0.9111972451210022, 0.9118863344192505, 0.9149870872497559, 0.9140396118164062, 0.9136520028114319, 0.9194229245185852, 0.9175710678100586, 0.9201980829238892, 0.9214900732040405, 0.9240310192108154, 0.9225667715072632], "val_loss": [0.8404322862625122, 0.48739323019981384, 0.4409381151199341, 0.4640040099620819, 0.42800745368003845, 0.4515989124774933, 0.49937668442726135, 0.4364163279533386, 0.4303579330444336, 0.47077444195747375, 0.40332624316215515, 0.40544554591178894, 0.4831790328025818, 0.4169725477695465, 0.4325510263442993, 0.43772101402282715, 0.40014639496803284, 0.41464588046073914, 0.4142409861087799, 0.4347701668739319, 0.4024538993835449, 0.4325302839279175, 0.46771368384361267, 0.45190542936325073, 0.4159330725669861, 0.4060380458831787, 0.5633529424667358, 0.40685075521469116, 0.4471851587295532, 0.43061408400535583, 0.4950609505176544, 0.42808547616004944, 0.4271600842475891, 0.43845078349113464, 0.41571831703186035, 0.4169310927391052, 0.450417697429657, 0.4632468521595001, 0.4788225591182709, 0.4378278851509094, 0.42914050817489624, 0.4491499960422516, 0.4516574740409851, 0.4489494562149048, 0.4296239912509918, 0.46627211570739746, 0.4691888093948364, 0.49215373396873474, 0.46863022446632385, 0.46290236711502075, 0.5050521492958069, 0.5496143698692322, 0.47275015711784363, 0.4924875795841217, 0.4737831950187683], "val_accuracy": [0.7852713465690613, 0.7900947332382202, 0.7985357642173767, 0.7775194048881531, 0.8059431314468384, 0.7801895141601562, 0.7808785438537598, 0.7976744174957275, 0.8077519536018372, 0.7852713465690613, 0.8126614689826965, 0.8145564198493958, 0.785615861415863, 0.8124892115592957, 0.809130072593689, 0.8115417957305908, 0.814987063407898, 0.8161067962646484, 0.8164513111114502, 0.8024117350578308, 0.8191214203834534, 0.8136089444160461, 0.7961240410804749, 0.8064599633216858, 0.8212747573852539, 0.8195521235466003, 0.7858742475509644, 0.8193798661231995, 0.8168820142745972, 0.8145564198493958, 0.7931094169616699, 0.8191214203834534, 0.808699369430542, 0.8093023300170898, 0.816020667552948, 0.8108527064323425, 0.8124030828475952, 0.809732973575592, 0.8074935674667358, 0.818260133266449, 0.820068895816803, 0.8128337860107422, 0.8147286772727966, 0.8108527064323425, 0.8198105096817017, 0.8074073791503906, 0.8103359341621399, 0.8184323906898499, 0.8074935674667358, 0.8112833499908447, 0.7993970513343811, 0.8008612990379333, 0.7992247939109802, 0.8165374398231506, 0.8117140531539917], "time_taken": "1967.77s"}