{"loss": [3.1602771282196045, 0.3403150737285614, 0.22947099804878235, 0.2054443508386612, 0.19713838398456573, 0.1890564262866974, 0.18430283665657043, 0.17307724058628082, 0.1655825674533844, 0.1605847328901291, 0.1540590524673462, 0.1498318910598755, 0.1447632610797882, 0.13908220827579498, 0.13357947766780853, 0.13218823075294495, 0.12633876502513885, 0.11755944043397903, 0.11697924137115479, 0.11262940615415573, 0.10837987065315247, 0.10436658561229706, 0.10139297693967819, 0.10186082124710083, 0.10021211206912994, 0.09367421269416809, 0.08927342295646667, 0.08723130077123642, 0.082986019551754, 0.08334792405366898, 0.08127281069755554, 0.07587065547704697, 0.07635104656219482, 0.07362110167741776, 0.07276161760091782, 0.07292712479829788, 0.06767040491104126, 0.06689068675041199, 0.0645454004406929, 0.06283705681562424, 0.061093445867300034, 0.061947643756866455, 0.059828780591487885, 0.058158356696367264, 0.0571022592484951, 0.05295141413807869, 0.054860055446624756, 0.05473417788743973, 0.05225820094347, 0.052169911563396454, 0.052794549614191055, 0.049592163413763046, 0.050103574991226196, 0.04770053178071976, 0.047149546444416046, 0.04516272619366646, 0.04440192133188248, 0.044828299432992935, 0.043795209378004074, 0.04318583384156227, 0.04207311198115349, 0.04020531103014946, 0.04089301824569702, 0.037977952510118484, 0.04244071617722511, 0.03687693551182747, 0.04012271761894226, 0.03740798681974411, 0.03571354225277901, 0.036798641085624695], "accuracy": [0.868733823299408, 0.8910422325134277, 0.9021533131599426, 0.9065460562705994, 0.912704586982727, 0.9159775972366333, 0.9170973300933838, 0.9242032766342163, 0.9255813956260681, 0.9319121241569519, 0.9340654611587524, 0.9376830458641052, 0.9387596845626831, 0.9418174028396606, 0.9428079128265381, 0.9448320269584656, 0.9486218690872192, 0.9519379734992981, 0.9507752060890198, 0.9537467956542969, 0.9571059346199036, 0.9572781920433044, 0.959431529045105, 0.9580534100532532, 0.9580103158950806, 0.9621447324752808, 0.9636520147323608, 0.9642980098724365, 0.9664082527160645, 0.9674849510192871, 0.9678294658660889, 0.969595193862915, 0.9699828028678894, 0.9716193079948425, 0.9711886048316956, 0.971705436706543, 0.9731265902519226, 0.974418580532074, 0.9745908975601196, 0.9756675362586975, 0.9764426946640015, 0.976356565952301, 0.9770886898040771, 0.9781653881072998, 0.9779931306838989, 0.9801464080810547, 0.9796726703643799, 0.9789836406707764, 0.9802756309509277, 0.9802325367927551, 0.9801895022392273, 0.9820413589477539, 0.9813953638076782, 0.9817829728126526, 0.9822136163711548, 0.9832041263580322, 0.9833763837814331, 0.9830318689346313, 0.9838070869445801, 0.9838070869445801, 0.9835056066513062, 0.9850559830665588, 0.9847114682197571, 0.9854004979133606, 0.9845392107963562, 0.9862618446350098, 0.9849698543548584, 0.9869939684867859, 0.9866494536399841, 0.9861326217651367], "val_loss": [0.7536474466323853, 0.4471055865287781, 0.4016217291355133, 0.3826062083244324, 0.39338940382003784, 0.39961865544319153, 0.36863917112350464, 0.3639703392982483, 0.36373668909072876, 0.3784392178058624, 0.3811486065387726, 0.39471209049224854, 0.41900119185447693, 0.37031182646751404, 0.4017425775527954, 0.3922276198863983, 0.40467867255210876, 0.44411540031433105, 0.43362629413604736, 0.39660128951072693, 0.4134513735771179, 0.48994338512420654, 0.4557853043079376, 0.4566831886768341, 0.42979878187179565, 0.46500134468078613, 0.45654749870300293, 0.4778355360031128, 0.45090383291244507, 0.4460245668888092, 0.4491865038871765, 0.5190922021865845, 0.5481783747673035, 0.5382581353187561, 0.5194166302680969, 0.5061207413673401, 0.613619327545166, 0.5121952295303345, 0.5562427639961243, 0.4974254071712494, 0.5560713410377502, 0.5426501035690308, 0.49963539838790894, 0.6103529930114746, 0.5498555302619934, 0.5639686584472656, 0.5599190592765808, 0.5829200744628906, 0.6506954431533813, 0.5848691463470459, 0.6555786728858948, 0.6531718373298645, 0.5968837738037109, 0.6218120455741882, 0.6556298136711121, 0.5695080757141113, 0.6864758133888245, 0.5535376667976379, 0.6002337336540222, 0.6773435473442078, 0.5831063389778137, 0.6814088225364685, 0.6887562274932861, 0.6723682284355164, 0.5577195882797241, 0.7000601291656494, 0.5767468810081482, 0.7703613638877869, 0.7677384614944458, 0.7833762168884277], "val_accuracy": [0.7933678030967712, 0.7982773184776306, 0.8203272819519043, 0.8235142230987549, 0.8220499753952026, 0.8254952430725098, 0.8293712139129639, 0.8331610560417175, 0.8371231555938721, 0.8364341259002686, 0.8366925120353699, 0.8289405703544617, 0.8222222328186035, 0.840568482875824, 0.8336778879165649, 0.8351421356201172, 0.8363479971885681, 0.8315245509147644, 0.8357450366020203, 0.8402239680290222, 0.8384151458740234, 0.8271318078041077, 0.8292850852012634, 0.8310939073562622, 0.8326442837715149, 0.8345391750335693, 0.8335055708885193, 0.8346253037452698, 0.8329887986183167, 0.8318690657615662, 0.8276485800743103, 0.8229973912239075, 0.834280788898468, 0.8213608860969543, 0.8249784708023071, 0.8308354616165161, 0.8207579851150513, 0.8306632041931152, 0.8249784708023071, 0.8420327305793762, 0.8296296000480652, 0.8280792236328125, 0.8238587379455566, 0.8196382522583008, 0.8347114324569702, 0.8339362740516663, 0.8252368569374084, 0.8347975611686707, 0.819293737411499, 0.8307493329048157, 0.8248923420906067, 0.8260982036590576, 0.8272179365158081, 0.8275624513626099, 0.8095607161521912, 0.8353143930435181, 0.8382428884506226, 0.8350560069084167, 0.8255813717842102, 0.8152454495429993, 0.8345391750335693, 0.832041323184967, 0.8209302425384521, 0.8285960555076599, 0.8300603032112122, 0.8140396475791931, 0.8238587379455566, 0.8307493329048157, 0.8258398175239563, 0.829198956489563], "time_taken": "4211.54s"}