{"loss": [3.137559175491333, 0.3614034354686737, 0.24193526804447174, 0.21936054527759552, 0.21126659214496613, 0.20745790004730225, 0.20170018076896667, 0.19537773728370667, 0.18558228015899658, 0.18289698660373688, 0.1775435209274292, 0.17484740912914276, 0.16754741966724396, 0.16206443309783936, 0.1596561223268509, 0.15329647064208984, 0.1483754813671112, 0.14875732362270355, 0.14033402502536774, 0.14001642167568207, 0.13235417008399963, 0.1285281479358673, 0.12919668853282928, 0.1223732978105545, 0.11983681470155716, 0.1164606437087059, 0.11347611248493195, 0.11132999509572983, 0.1102239191532135, 0.10508976131677628, 0.10081662237644196, 0.10060713440179825, 0.09669656306505203, 0.0949321761727333, 0.09682831913232803, 0.08888234943151474, 0.08765915781259537, 0.088965505361557, 0.08693084120750427, 0.08301512897014618, 0.08089819550514221, 0.08163410425186157, 0.07830611616373062, 0.07894452661275864, 0.07519467175006866], "accuracy": [0.8672695755958557, 0.8891042470932007, 0.8942291140556335, 0.9007321000099182, 0.9055986404418945, 0.9068906307220459, 0.9077519178390503, 0.9122308492660522, 0.9170542359352112, 0.9191214442253113, 0.9209302067756653, 0.9220069050788879, 0.9260981678962708, 0.9293712377548218, 0.931136965751648, 0.933979332447052, 0.9359603524208069, 0.9356158375740051, 0.9392764568328857, 0.9406115412712097, 0.9447458982467651, 0.9469422698020935, 0.9458656311035156, 0.9493109583854675, 0.9510766863822937, 0.9520241022109985, 0.9531869292259216, 0.952239453792572, 0.9540051817893982, 0.9572781920433044, 0.9602067470550537, 0.9595176577568054, 0.9607235193252563, 0.9621877670288086, 0.9598621726036072, 0.9642980098724365, 0.9646856188774109, 0.9651162624359131, 0.9657622575759888, 0.9671403765678406, 0.9692937135696411, 0.9680448174476624, 0.9699397087097168, 0.9683462381362915, 0.9708440899848938], "val_loss": [0.7395716309547424, 0.44391965866088867, 0.3857201039791107, 0.39796897768974304, 0.39821910858154297, 0.3890397548675537, 0.4274863600730896, 0.40735113620758057, 0.3715440630912781, 0.38478341698646545, 0.3762923777103424, 0.42215868830680847, 0.3946954011917114, 0.3693127930164337, 0.36841434240341187, 0.4603208601474762, 0.4176631271839142, 0.4391850233078003, 0.3970493674278259, 0.40855759382247925, 0.38903844356536865, 0.4298567473888397, 0.4170587360858917, 0.48342418670654297, 0.43436914682388306, 0.4661727547645569, 0.45261189341545105, 0.4383625090122223, 0.42364904284477234, 0.47639384865760803, 0.5546892881393433, 0.4309084117412567, 0.517159104347229, 0.5373571515083313, 0.4745456874370575, 0.4747464954853058, 0.47490090131759644, 0.47181448340415955, 0.46476513147354126, 0.5063773393630981, 0.520732045173645, 0.5505852103233337, 0.5070477724075317, 0.47425559163093567, 0.4811667799949646], "val_accuracy": [0.8164513111114502, 0.8148148059844971, 0.8330749273300171, 0.8267011046409607, 0.8252368569374084, 0.8261843323707581, 0.8169681429862976, 0.8250645995140076, 0.8354005217552185, 0.8315245509147644, 0.8355727791786194, 0.8105081915855408, 0.8258398175239563, 0.8369508981704712, 0.8465977311134338, 0.8099913597106934, 0.8360034227371216, 0.837295413017273, 0.8298019170761108, 0.8327304124832153, 0.8276485800743103, 0.8208441138267517, 0.8326442837715149, 0.8217054009437561, 0.8362618684768677, 0.819293737411499, 0.8263565897941589, 0.8311800360679626, 0.8440999388694763, 0.8335055708885193, 0.8093023300170898, 0.8322997689247131, 0.8203272819519043, 0.8260982036590576, 0.8167958855628967, 0.8217915296554565, 0.8370370268821716, 0.8197243809700012, 0.8307493329048157, 0.8238587379455566, 0.8343669176101685, 0.8121446967124939, 0.8217054009437561, 0.8282514810562134, 0.8453058004379272], "time_taken": "3564.76s"}