{"loss": [3.1960110664367676, 0.40759265422821045, 0.27492812275886536, 0.2528230845928192, 0.2432241141796112, 0.2399279922246933, 0.23001790046691895, 0.2250363528728485, 0.22031138837337494, 0.22059832513332367, 0.2123112678527832, 0.21151043474674225, 0.2098293900489807, 0.20220302045345306, 0.198278546333313, 0.19913269579410553, 0.19900338351726532, 0.19117356836795807, 0.18721918761730194, 0.18537555634975433, 0.1818007081747055, 0.18075697124004364, 0.17961739003658295, 0.17333467304706573, 0.16929897665977478, 0.16664396226406097, 0.16568757593631744, 0.1648070514202118, 0.16333487629890442, 0.15828309953212738, 0.15694834291934967, 0.15488201379776, 0.15546436607837677, 0.14810600876808167, 0.1462888866662979, 0.14373093843460083, 0.13889949023723602, 0.13886232674121857, 0.13826394081115723, 0.13533484935760498, 0.13835003972053528, 0.128536194562912, 0.12995460629463196, 0.12464109808206558, 0.12034863978624344, 0.12041587382555008, 0.1229449212551117, 0.11706359684467316, 0.12057884782552719, 0.114353246986866, 0.11317089945077896, 0.11590182781219482, 0.11053016781806946, 0.11264640092849731, 0.10900945961475372, 0.10736721009016037, 0.10569438338279724, 0.10156623274087906, 0.10203862935304642, 0.10078740119934082, 0.10085007548332214, 0.09823412448167801, 0.09630151838064194, 0.09443626552820206], "accuracy": [0.8467269539833069, 0.8736864924430847, 0.8805770874023438, 0.8813953399658203, 0.8875538110733032, 0.8879845142364502, 0.8939276337623596, 0.8948751091957092, 0.8972868323326111, 0.8960378766059875, 0.9039620757102966, 0.9021102786064148, 0.9064599275588989, 0.9090008735656738, 0.9116278886795044, 0.9090008735656738, 0.9079241752624512, 0.9118432402610779, 0.9164944291114807, 0.9162790775299072, 0.9184754490852356, 0.9209733009338379, 0.9191645383834839, 0.9219638109207153, 0.9256244897842407, 0.9250646233558655, 0.9282084703445435, 0.9297157526016235, 0.9277347326278687, 0.9305340051651001, 0.9313092231750488, 0.933850109577179, 0.9327734708786011, 0.9348406791687012, 0.9365633130073547, 0.9374676942825317, 0.9413436651229858, 0.9404823184013367, 0.9405254125595093, 0.9437553882598877, 0.9412144422531128, 0.9456072449684143, 0.9458656311035156, 0.9479328393936157, 0.9496123790740967, 0.9510335922241211, 0.9480189681053162, 0.9517657160758972, 0.9503875970840454, 0.9531869292259216, 0.9537037014961243, 0.952110230922699, 0.9546511769294739, 0.9538759589195251, 0.9549956917762756, 0.9565030336380005, 0.9563738107681274, 0.9581825733184814, 0.9574504494667053, 0.9583117961883545, 0.9585701823234558, 0.9599483013153076, 0.9613264203071594, 0.9606804251670837], "val_loss": [0.8434810638427734, 0.5172472596168518, 0.4595639109611511, 0.45199054479599, 0.453017920255661, 0.44665154814720154, 0.4355319142341614, 0.49004751443862915, 0.4379011392593384, 0.42633897066116333, 0.41920533776283264, 0.42097312211990356, 0.4344233274459839, 0.4525402784347534, 0.4335481524467468, 0.41967877745628357, 0.4456128180027008, 0.46452099084854126, 0.4223323166370392, 0.4227374196052551, 0.4173920750617981, 0.4368933141231537, 0.4424474537372589, 0.4301218092441559, 0.42396578192710876, 0.42905503511428833, 0.4788919985294342, 0.45484694838523865, 0.42225927114486694, 0.4522321820259094, 0.4318658411502838, 0.4407188594341278, 0.42355257272720337, 0.44405582547187805, 0.4636358618736267, 0.43490540981292725, 0.44214656949043274, 0.45561233162879944, 0.5008203387260437, 0.4416120648384094, 0.48325371742248535, 0.46958696842193604, 0.4753657579421997, 0.48999354243278503, 0.507409393787384, 0.4943239986896515, 0.4794263541698456, 0.5099683403968811, 0.5463729500770569, 0.5256922245025635, 0.5291928052902222, 0.5044599175453186, 0.4847263991832733, 0.5264358520507812, 0.4976835548877716, 0.5072525143623352, 0.5054908394813538, 0.5258718729019165, 0.5073077082633972, 0.4795188009738922, 0.5000780820846558, 0.5660294890403748, 0.5561778545379639, 0.5649201273918152], "val_accuracy": [0.7701981067657471, 0.7602928280830383, 0.7893195748329163, 0.7844961285591125, 0.787424623966217, 0.7978466749191284, 0.7978466749191284, 0.7539190649986267, 0.7923341989517212, 0.7993109226226807, 0.8013781309127808, 0.8043927550315857, 0.7969853281974792, 0.7832902669906616, 0.8024978637695312, 0.8037037253379822, 0.8026701211929321, 0.790869951248169, 0.8032730221748352, 0.8031007647514343, 0.8049957156181335, 0.7993109226226807, 0.7997416257858276, 0.7984496355056763, 0.8077519536018372, 0.8023256063461304, 0.7963824272155762, 0.7985357642173767, 0.8088716864585876, 0.7935400605201721, 0.8100775480270386, 0.8085271120071411, 0.8093884587287903, 0.8111972212791443, 0.801033616065979, 0.8062877058982849, 0.8082687258720398, 0.8065460920333862, 0.8024978637695312, 0.8035314679145813, 0.7984496355056763, 0.8008612990379333, 0.8069767355918884, 0.8070628643035889, 0.7938845753669739, 0.8029285073280334, 0.8078380823135376, 0.8016365170478821, 0.7953488230705261, 0.7960379123687744, 0.7885443568229675, 0.8019810318946838, 0.8052541017532349, 0.8071489930152893, 0.7991386651992798, 0.787424623966217, 0.8038759827613831, 0.7968991994857788, 0.8024978637695312, 0.8061153888702393, 0.8011197447776794, 0.7924203276634216, 0.7971576452255249, 0.7873384952545166], "time_taken": "2291.53s"}