{"loss": [3.3362109661102295, 0.5297593474388123, 0.382511705160141, 0.3574627637863159, 0.3435492217540741, 0.339754194021225, 0.3298604190349579, 0.3254534602165222, 0.3198067545890808, 0.3142005503177643, 0.30915120244026184, 0.30884087085723877, 0.3041107952594757, 0.2984882891178131, 0.29107528924942017, 0.2886675000190735, 0.28671738505363464, 0.28099876642227173, 0.2763805091381073, 0.2736029326915741, 0.2696593701839447, 0.26399359107017517, 0.2622282803058624, 0.26138806343078613, 0.2537786662578583, 0.2552025616168976, 0.24944624304771423, 0.24623119831085205, 0.24244533479213715, 0.2369471788406372, 0.24038124084472656, 0.23244892060756683, 0.22668953239917755, 0.22408072650432587, 0.22096669673919678, 0.21951274573802948, 0.21796336770057678, 0.20939917862415314, 0.21087199449539185, 0.20482279360294342, 0.2059229016304016, 0.20289848744869232, 0.2017407864332199, 0.19735746085643768, 0.18674463033676147, 0.19064737856388092, 0.19102276861667633, 0.18662439286708832, 0.1826620250940323, 0.17799554765224457, 0.1739441454410553, 0.17546093463897705, 0.17548394203186035, 0.16959592700004578, 0.17068780958652496, 0.1661420613527298, 0.16320255398750305, 0.16547173261642456, 0.16039176285266876, 0.15677490830421448, 0.1573396772146225], "accuracy": [0.7906545996665955, 0.8156330585479736, 0.8273040652275085, 0.8318260312080383, 0.8360465168952942, 0.8383721113204956, 0.844745934009552, 0.8468561768531799, 0.8503014445304871, 0.8531869053840637, 0.8578811287879944, 0.8550387620925903, 0.8584840893745422, 0.8637381792068481, 0.8668820261955261, 0.8682601451873779, 0.8661068081855774, 0.8691214323043823, 0.8735142350196838, 0.8748062252998352, 0.8779069781303406, 0.881007730960846, 0.8807493448257446, 0.8820844292640686, 0.8882429003715515, 0.8854866623878479, 0.888027548789978, 0.8908268809318542, 0.8909130096435547, 0.8943583369255066, 0.8935400247573853, 0.8977605700492859, 0.8999569416046143, 0.9006890654563904, 0.9039190411567688, 0.9045650362968445, 0.9046511650085449, 0.9099052548408508, 0.9087424874305725, 0.9122738838195801, 0.9110249876976013, 0.9111972451210022, 0.911541759967804, 0.9142549633979797, 0.9202411770820618, 0.9186908006668091, 0.9194229245185852, 0.9202842116355896, 0.9224806427955627, 0.924849271774292, 0.9250646233558655, 0.9272609949111938, 0.9251507520675659, 0.928897500038147, 0.9256244897842407, 0.9286391139030457, 0.9313522577285767, 0.9300172328948975, 0.9314814805984497, 0.9348406791687012, 0.9360034465789795], "val_loss": [0.8537712693214417, 0.5095102787017822, 0.49764111638069153, 0.4734872877597809, 0.4506763219833374, 0.43604326248168945, 0.43498578667640686, 0.47232773900032043, 0.4392544627189636, 0.45461738109588623, 0.5228761434555054, 0.42574575543403625, 0.421066552400589, 0.4329412877559662, 0.42736688256263733, 0.45011821389198303, 0.42152297496795654, 0.46511906385421753, 0.4356204867362976, 0.43196314573287964, 0.4165814518928528, 0.42520585656166077, 0.44903334975242615, 0.5000613331794739, 0.48175880312919617, 0.4244796335697174, 0.4647569954395294, 0.4511204957962036, 0.46619364619255066, 0.468356192111969, 0.43113476037979126, 0.43766751885414124, 0.44510284066200256, 0.4462190270423889, 0.4733350872993469, 0.4530712962150574, 0.4680851101875305, 0.4915701746940613, 0.46345600485801697, 0.5218524932861328, 0.45442402362823486, 0.4792960286140442, 0.48384711146354675, 0.47144606709480286, 0.5157795548439026, 0.5040871500968933, 0.5291343331336975, 0.4984530210494995, 0.5040217041969299, 0.5667364597320557, 0.4969765543937683, 0.4764195382595062, 0.490329384803772, 0.6019538044929504, 0.5185901522636414, 0.5872541069984436, 0.5283305048942566, 0.5775924324989319, 0.5239127278327942, 0.5624951124191284, 0.5357606410980225], "val_accuracy": [0.7778639197349548, 0.785615861415863, 0.7784668207168579, 0.778294563293457, 0.8013781309127808, 0.8034452795982361, 0.8038759827613831, 0.7844099998474121, 0.8043066263198853, 0.8062015771865845, 0.7602066993713379, 0.810938835144043, 0.810938835144043, 0.8069767355918884, 0.8123169541358948, 0.813781201839447, 0.8114556670188904, 0.7996554970741272, 0.814211905002594, 0.8134366869926453, 0.818863034248352, 0.813178300857544, 0.8055124878883362, 0.7950904369354248, 0.7951765656471252, 0.8210163712501526, 0.7941429615020752, 0.8146425485610962, 0.799569308757782, 0.8104220628738403, 0.8214470148086548, 0.8139534592628479, 0.8125753402709961, 0.8064599633216858, 0.8158484101295471, 0.8134366869926453, 0.8136089444160461, 0.8098191022872925, 0.817054271697998, 0.8016365170478821, 0.8073212504386902, 0.8128337860107422, 0.804651141166687, 0.8073212504386902, 0.814987063407898, 0.8073212504386902, 0.7751938104629517, 0.8102498054504395, 0.8037898540496826, 0.7958656549453735, 0.8155900239944458, 0.8024978637695312, 0.8077519536018372, 0.7924203276634216, 0.8043927550315857, 0.7789836525917053, 0.8088716864585876, 0.8053402304649353, 0.7998277544975281, 0.7933678030967712, 0.8115417957305908], "time_taken": "2164.15s"}