{"loss": [3.2286465167999268, 0.46220818161964417, 0.33404940366744995, 0.3155067265033722, 0.301638126373291, 0.2933484613895416, 0.2879588007926941, 0.2779638469219208, 0.27090248465538025, 0.26377439498901367, 0.2558918595314026, 0.25031909346580505, 0.24751296639442444, 0.2349775731563568, 0.23334524035453796, 0.2293238490819931, 0.21593932807445526, 0.2126072645187378, 0.20957791805267334, 0.2061181515455246, 0.200858473777771, 0.19525620341300964, 0.191643625497818, 0.18906651437282562, 0.17951363325119019, 0.18104925751686096, 0.1737872064113617, 0.1684308797121048, 0.16394338011741638, 0.16295789182186127, 0.15953709185123444, 0.15362074971199036, 0.15752357244491577, 0.1493540108203888, 0.1458713561296463, 0.14034423232078552, 0.1373874545097351, 0.13820789754390717, 0.13393674790859222, 0.12955515086650848, 0.12862016260623932, 0.12582223117351532, 0.12344085425138474, 0.11988905817270279, 0.11949694901704788, 0.11181474477052689, 0.1136009469628334, 0.11725593358278275, 0.1100018098950386], "accuracy": [0.8133505582809448, 0.8422049880027771, 0.8518518805503845, 0.8555986285209656, 0.8621877431869507, 0.8661068081855774, 0.8680447936058044, 0.8720930218696594, 0.8756675124168396, 0.8826873302459717, 0.8849267959594727, 0.8876399397850037, 0.8898363709449768, 0.8947458863258362, 0.8984495997428894, 0.8992248177528381, 0.9061154127120972, 0.9081826210021973, 0.9082256555557251, 0.9114125967025757, 0.9127907156944275, 0.9153746962547302, 0.9167958498001099, 0.9208440780639648, 0.9236003160476685, 0.9227820634841919, 0.9255383014678955, 0.9297157526016235, 0.9313092231750488, 0.9322566986083984, 0.9336348176002502, 0.935917317867279, 0.9349698424339294, 0.9396640658378601, 0.9401808977127075, 0.9433677792549133, 0.9444875121116638, 0.9444875121116638, 0.9441860318183899, 0.9484065175056458, 0.9486218690872192, 0.9499569535255432, 0.9508182406425476, 0.9534883499145508, 0.9514212012290955, 0.9555555582046509, 0.9553402066230774, 0.9524548053741455, 0.9572781920433044], "val_loss": [0.7315240502357483, 0.4155963063240051, 0.37225863337516785, 0.37995776534080505, 0.3796211779117584, 0.3592470586299896, 0.351318895816803, 0.4115740656852722, 0.3533177375793457, 0.3550150692462921, 0.3489099144935608, 0.36682868003845215, 0.35022449493408203, 0.33834564685821533, 0.34699952602386475, 0.351998895406723, 0.39278727769851685, 0.4196223318576813, 0.37326574325561523, 0.38851651549339294, 0.36404213309288025, 0.37194299697875977, 0.39012667536735535, 0.4522272050380707, 0.40083935856819153, 0.4053846001625061, 0.4230077266693115, 0.42100533843040466, 0.4169332981109619, 0.3906194567680359, 0.4493963420391083, 0.494133859872818, 0.42728719115257263, 0.43007105588912964, 0.4402836561203003, 0.44240468740463257, 0.4357347786426544, 0.4457322657108307, 0.4328513741493225, 0.5177481174468994, 0.4778388738632202, 0.516457200050354, 0.5525485873222351, 0.49663421511650085, 0.5084002614021301, 0.4376935064792633, 0.47714078426361084, 0.4177775979042053, 0.49023252725601196], "val_accuracy": [0.8183462619781494, 0.8235142230987549, 0.8354005217552185, 0.8322997689247131, 0.8312661647796631, 0.8349698781967163, 0.849698543548584, 0.8403962254524231, 0.8406546115875244, 0.8471145629882812, 0.850732147693634, 0.8433247208595276, 0.8467700481414795, 0.8529715538024902, 0.843410849571228, 0.853746771812439, 0.8491817116737366, 0.8370370268821716, 0.8558139801025391, 0.8475452065467834, 0.8515934348106384, 0.8482342958450317, 0.8524547815322876, 0.852540910243988, 0.8523686528205872, 0.8501291871070862, 0.849698543548584, 0.8427218198776245, 0.8442721962928772, 0.8527131676673889, 0.8403962254524231, 0.8431524634361267, 0.8447889685630798, 0.8420327305793762, 0.8417743444442749, 0.8483204245567322, 0.8451334834098816, 0.8447028398513794, 0.8468561768531799, 0.8369508981704712, 0.8450473546981812, 0.8421188592910767, 0.8361757397651672, 0.8397932648658752, 0.8440138101577759, 0.8441860675811768, 0.846683919429779, 0.8389319777488708, 0.8490955829620361], "time_taken": "3853.89s"}