{"loss": [3.3929531574249268, 0.4989013373851776, 0.32995906472206116, 0.2988562285900116, 0.28286680579185486, 0.269596129655838, 0.2563666105270386, 0.25468605756759644, 0.24655872583389282, 0.23485475778579712, 0.22941558063030243, 0.22030358016490936, 0.21649128198623657, 0.20954135060310364, 0.199690043926239, 0.19505533576011658, 0.19083549082279205, 0.18262414634227753, 0.17763522267341614, 0.17223355174064636, 0.169053316116333, 0.16382068395614624, 0.1567811369895935, 0.15443524718284607, 0.1509864181280136, 0.1452304720878601, 0.13955335319042206, 0.13298824429512024, 0.1323838084936142, 0.12953154742717743, 0.1275513470172882, 0.1267322152853012, 0.12094538658857346, 0.11822327971458435, 0.11221271753311157, 0.11275354027748108, 0.10822661221027374, 0.10769552737474442, 0.10446383059024811, 0.10026431828737259, 0.09956620633602142, 0.09792884439229965, 0.09808152914047241, 0.09303455054759979, 0.09358904510736465], "accuracy": [0.8159345388412476, 0.8475452065467834, 0.8621877431869507, 0.8643410801887512, 0.8722222447395325, 0.8776485919952393, 0.8852713108062744, 0.8861326575279236, 0.8898363709449768, 0.897588312625885, 0.8981912136077881, 0.9045650362968445, 0.9054694175720215, 0.9093023538589478, 0.9155038595199585, 0.9167958498001099, 0.9190784096717834, 0.9217915534973145, 0.9260120391845703, 0.9273901581764221, 0.9290697574615479, 0.9314383864402771, 0.9358742237091064, 0.935012936592102, 0.9384151697158813, 0.9403961896896362, 0.9432386159896851, 0.9444875121116638, 0.9461240172386169, 0.9475882649421692, 0.9478467106819153, 0.9482773542404175, 0.9516795873641968, 0.9511197209358215, 0.955254077911377, 0.9537898302078247, 0.9573643207550049, 0.9574074149131775, 0.9583548903465271, 0.961670994758606, 0.9613264203071594, 0.9619293808937073, 0.9616279006004333, 0.9633505344390869, 0.9627476334571838], "val_loss": [0.8673287034034729, 0.43704110383987427, 0.40252000093460083, 0.3957871198654175, 0.4551847279071808, 0.3627045750617981, 0.4598322808742523, 0.3789357841014862, 0.37373602390289307, 0.3802841305732727, 0.3659857213497162, 0.40390700101852417, 0.394783079624176, 0.3664749562740326, 0.3817184865474701, 0.3720717430114746, 0.39381685853004456, 0.4305225908756256, 0.4828691780567169, 0.47467926144599915, 0.41170772910118103, 0.4296121299266815, 0.47732168436050415, 0.4063035845756531, 0.44963592290878296, 0.4659920036792755, 0.45529893040657043, 0.4941542446613312, 0.46013033390045166, 0.5162253975868225, 0.4395330250263214, 0.47367504239082336, 0.46458613872528076, 0.46876460313796997, 0.534238338470459, 0.5265327095985413, 0.5043125748634338, 0.5699431300163269, 0.5125850439071655, 0.5140425562858582, 0.5372166037559509, 0.5643147826194763, 0.5128326416015625, 0.5583640933036804, 0.5437038540840149], "val_accuracy": [0.8094745874404907, 0.8222222328186035, 0.8260120749473572, 0.8216192722320557, 0.8014642596244812, 0.8415159583091736, 0.8255813717842102, 0.8298019170761108, 0.841171383857727, 0.8459948301315308, 0.845650315284729, 0.8373815417289734, 0.8409991264343262, 0.8471145629882812, 0.8473729491233826, 0.8450473546981812, 0.8429802060127258, 0.8397071361541748, 0.832041323184967, 0.8397932648658752, 0.8473729491233826, 0.8391903638839722, 0.8381567597389221, 0.8417743444442749, 0.8347114324569702, 0.8387596607208252, 0.8371231555938721, 0.8328165411949158, 0.8367786407470703, 0.8409991264343262, 0.8323858976364136, 0.842807948589325, 0.8316106796264648, 0.8403962254524231, 0.829198956489563, 0.8430663347244263, 0.8388458490371704, 0.8247200846672058, 0.8373815417289734, 0.841171383857727, 0.8355727791786194, 0.8372092843055725, 0.8349698781967163, 0.8400516510009766, 0.8304909467697144], "time_taken": "2736.16s"}