{"loss": [0.5642246603965759, 0.5629130005836487, 0.5643070936203003, 0.5641981363296509, 0.5632176399230957, 0.5632096529006958, 0.5640609264373779, 0.5648984313011169, 0.5641828179359436, 0.564367949962616, 0.5651724934577942, 0.5642798542976379, 0.5639793276786804, 0.5638223886489868, 0.565409243106842, 0.5633848309516907, 0.5656133890151978, 0.5627638697624207, 0.5632588863372803, 0.5629552006721497, 0.5628803968429565, 0.5636663436889648, 0.5632511377334595, 0.5641598701477051, 0.5634698271751404, 0.5627301335334778, 0.5638130307197571, 0.5637367367744446, 0.5657146573066711, 0.5643147230148315, 0.5628536343574524, 0.5652478933334351, 0.5646005868911743, 0.563609778881073, 0.5615434050559998, 0.5632153749465942, 0.5632084608078003, 0.5642555356025696, 0.5638154745101929, 0.5622901916503906, 0.5622574687004089, 0.5625176429748535, 0.5626479983329773, 0.5644757151603699, 0.564511775970459, 0.5645745992660522, 0.5652304887771606, 0.5651557445526123, 0.5637636184692383, 0.5630037188529968, 0.5643912553787231, 0.5636435151100159, 0.5641834735870361, 0.5644282698631287, 0.5622449517250061, 0.5648359656333923, 0.5647783279418945, 0.565216600894928, 0.5630725622177124, 0.5629240870475769, 0.5639516115188599, 0.5634161829948425, 0.5636190176010132, 0.5629421472549438, 0.5620291233062744, 0.563865602016449, 0.5640820860862732, 0.5651028752326965, 0.5640495419502258, 0.5641007423400879, 0.5631852746009827, 0.5630313754081726, 0.563075840473175, 0.5636792778968811, 0.5641710162162781, 0.5630982518196106, 0.5647114515304565, 0.5616425275802612, 0.563204824924469, 0.5641518235206604, 0.5636042356491089, 0.5637317299842834, 0.5633739829063416, 0.5642663836479187, 0.5621885061264038, 0.5642353296279907, 0.5639623403549194, 0.5618432760238647, 0.5625603199005127, 0.5632147192955017, 0.564629077911377, 0.5609380006790161, 0.5634121894836426, 0.5653910636901855, 0.5634922981262207, 0.5649536848068237, 0.5651100277900696, 0.5617736577987671, 0.5627824664115906, 0.5640712380409241, 0.5633700489997864], "accuracy": [0.680519700050354, 0.6796896457672119, 0.6807963848114014, 0.6798971891403198, 0.6809231638908386, 0.6820759773254395, 0.680392861366272, 0.6798741221427917, 0.6796665787696838, 0.6808540225028992, 0.6799201965332031, 0.6799548268318176, 0.6802545189857483, 0.6811537146568298, 0.6785483956336975, 0.6823872327804565, 0.6778912544250488, 0.6816379427909851, 0.6819146275520325, 0.6815803050994873, 0.6812459826469421, 0.6812459826469421, 0.6797703504562378, 0.6804851293563843, 0.6828829646110535, 0.6812229156494141, 0.681326687335968, 0.6812574863433838, 0.6789518594741821, 0.67971271276474, 0.682398796081543, 0.6804044246673584, 0.6794014573097229, 0.6804504990577698, 0.6821451783180237, 0.6822143197059631, 0.6804274916648865, 0.6804159283638, 0.6808194518089294, 0.6806464791297913, 0.6821682453155518, 0.6834478378295898, 0.6809692978858948, 0.6781448721885681, 0.6797357797622681, 0.6814996004104614, 0.6783984899520874, 0.6811076402664185, 0.6798510551452637, 0.6797242164611816, 0.6800816059112549, 0.6816033124923706, 0.6806580424308777, 0.6802775859832764, 0.6838167309761047, 0.6806349754333496, 0.6804735660552979, 0.6793668866157532, 0.6806811094284058, 0.6795397996902466, 0.6804620623588562, 0.6799548268318176, 0.6807733178138733, 0.6817877888679504, 0.6813151240348816, 0.6794014573097229, 0.681096076965332, 0.6793438196182251, 0.6799548268318176, 0.6814419627189636, 0.6812344193458557, 0.6812459826469421, 0.6818915605545044, 0.6801968812942505, 0.6797819137573242, 0.6814534664154053, 0.6794360280036926, 0.6827446222305298, 0.6806811094284058, 0.6824564337730408, 0.6813151240348816, 0.6794129610061646, 0.6799201965332031, 0.6811307072639465, 0.6811191439628601, 0.6802084445953369, 0.6797819137573242, 0.681488037109375, 0.6817416548728943, 0.6809462308883667, 0.6804966330528259, 0.6831135153770447, 0.6805773377418518, 0.6792746186256409, 0.6804851293563843, 0.6809692978858948, 0.6807156801223755, 0.6815456748008728, 0.681718647480011, 0.6809231638908386, 0.6802891492843628], "val_loss": [0.5304437875747681, 0.5296032428741455, 0.5301896929740906, 0.5295229554176331, 0.5293810367584229, 0.5291112065315247, 0.5300000309944153, 0.5293808579444885, 0.5295931696891785, 0.5280107855796814, 0.5296643972396851, 0.529936671257019, 0.529593825340271, 0.5293903946876526, 0.529446005821228, 0.5288532972335815, 0.5295976400375366, 0.5295175909996033, 0.5300006866455078, 0.5287909507751465, 0.5288639068603516, 0.5284644961357117, 0.5298135280609131, 0.5292839407920837, 0.5298754572868347, 0.5296125411987305, 0.5291840434074402, 0.5303664207458496, 0.5294743776321411, 0.5299621224403381, 0.5294082164764404, 0.5282837152481079, 0.5287353992462158, 0.5299808979034424, 0.5303464531898499, 0.5303472280502319, 0.5302568078041077, 0.5300464034080505, 0.5305829048156738, 0.5295110940933228, 0.5297465920448303, 0.528730034828186, 0.5297930836677551, 0.5285126566886902, 0.5299577713012695, 0.5291219353675842, 0.5292525291442871, 0.529522716999054, 0.5292055606842041, 0.5292324423789978, 0.5292587876319885, 0.5296601057052612, 0.5296661257743835, 0.5293121337890625, 0.5294690728187561, 0.5291932225227356, 0.5292474627494812, 0.5304848551750183, 0.5285513997077942, 0.5293795466423035, 0.5289562344551086, 0.5285901427268982, 0.5290212631225586, 0.5297679901123047, 0.5299757719039917, 0.5296552777290344, 0.5289533734321594, 0.5286859273910522, 0.5301690101623535, 0.5297334790229797, 0.5289393067359924, 0.5290370583534241, 0.5288053154945374, 0.5281603932380676, 0.5292379856109619, 0.5292713046073914, 0.5291857719421387, 0.5288501381874084, 0.5295372605323792, 0.5283293724060059, 0.5282019376754761, 0.5294193625450134, 0.5296518206596375, 0.5286646485328674, 0.5289285182952881, 0.5286927819252014, 0.5291590690612793, 0.5291275978088379, 0.5291666388511658, 0.5298131108283997, 0.529569149017334, 0.529797375202179, 0.529077410697937, 0.5294790267944336, 0.529778778553009, 0.5290515422821045, 0.529275119304657, 0.529369056224823, 0.5281147956848145, 0.5285220146179199, 0.5290741920471191],