{"loss": [0.5383204221725464, 0.5419434309005737, 0.5410298705101013, 0.5414160490036011, 0.5423057079315186, 0.5403269529342651, 0.5399689674377441, 0.5392708778381348, 0.5421759486198425, 0.538578987121582, 0.5399171113967896, 0.5410929918289185, 0.5409665703773499, 0.5411560535430908, 0.5405001640319824, 0.5417446494102478, 0.5402532815933228, 0.5409900546073914, 0.5414983034133911, 0.5400176048278809, 0.5396897792816162, 0.5417527556419373, 0.5405474305152893, 0.5411043763160706, 0.5385066866874695, 0.5399866104125977, 0.539284348487854, 0.5408416986465454, 0.5401471257209778, 0.5410359501838684, 0.5394424200057983, 0.538775622844696, 0.5419461131095886, 0.5401270985603333, 0.5401726961135864, 0.5416763424873352, 0.5425823926925659, 0.5408328771591187, 0.5405982732772827, 0.538744330406189, 0.5410830974578857, 0.5404343605041504, 0.5409529209136963, 0.5411790013313293, 0.540447473526001, 0.5401647090911865, 0.5405221581459045, 0.5397962927818298, 0.5384255051612854, 0.5400182008743286, 0.5386767387390137, 0.5387505292892456, 0.5414963364601135, 0.5432305335998535, 0.5410296320915222, 0.5399373769760132, 0.5413781404495239, 0.5419425368309021, 0.5421680808067322, 0.5389524698257446, 0.5398375988006592, 0.5419391393661499, 0.5424559116363525, 0.5426852107048035, 0.540736734867096, 0.538934588432312, 0.5391420722007751, 0.5416825413703918, 0.5404436588287354, 0.5422598123550415, 0.5398996472358704, 0.540673017501831, 0.5404567122459412, 0.5417896509170532, 0.5406566262245178, 0.5405764579772949, 0.5424513816833496, 0.54100102186203, 0.5418787598609924, 0.5385401844978333, 0.5393338799476624, 0.5420409440994263, 0.5420579314231873, 0.5411699414253235, 0.5400388836860657, 0.5402023196220398, 0.5384843349456787, 0.5395969152450562, 0.5393210649490356, 0.5410562753677368, 0.5423524379730225, 0.5404258370399475, 0.539219319820404, 0.5411069989204407, 0.541877031326294, 0.5416002869606018, 0.5396568179130554, 0.5401353240013123, 0.541331946849823, 0.5403978824615479, 0.5387625694274902], "accuracy": [0.7039163112640381, 0.7029622197151184, 0.7035565972328186, 0.703134298324585, 0.7028840184211731, 0.7028371095657349, 0.7042291164398193, 0.705355167388916, 0.7007413506507874, 0.7034471035003662, 0.7048234343528748, 0.7017892599105835, 0.7033376097679138, 0.7018986940383911, 0.7033689022064209, 0.7022114992141724, 0.7024148106575012, 0.7027589082717896, 0.7036504149436951, 0.7035722136497498, 0.702899694442749, 0.7012418508529663, 0.7013043761253357, 0.7041821479797363, 0.7045731544494629, 0.7018674612045288, 0.7041978240013123, 0.7026181817054749, 0.7056679725646973, 0.7015546560287476, 0.7045106291770935, 0.7030560970306396, 0.7027745842933655, 0.702633798122406, 0.7045106291770935, 0.7022584080696106, 0.7020394802093506, 0.7022427916526794, 0.7022584080696106, 0.7038068175315857, 0.7023522853851318, 0.7016015648841858, 0.7039788365364075, 0.7022897005081177, 0.700397253036499, 0.7011948823928833, 0.7016171813011169, 0.7020550966262817, 0.7050893306732178, 0.7037755250930786, 0.7041352391242981, 0.7048234343528748, 0.7013512849807739, 0.7019925713539124, 0.7035409212112427, 0.7037442326545715, 0.702633798122406, 0.7029622197151184, 0.70188307762146, 0.704369843006134, 0.7022427916526794, 0.7015076875686646, 0.7015858888626099, 0.7015702724456787, 0.7009759545326233, 0.7033689022064209, 0.703885018825531, 0.7022584080696106, 0.7028058171272278, 0.701914370059967, 0.7023209929466248, 0.7039632201194763, 0.7026650905609131, 0.7021176815032959, 0.7040727138519287, 0.7024304866790771, 0.7006162405014038, 0.7021176815032959, 0.7027119994163513, 0.7050893306732178, 0.7041665315628052, 0.7020238637924194, 0.7029778957366943, 0.7038068175315857, 0.7038068175315857, 0.7021802663803101, 0.7063248753547668, 0.7044011354446411, 0.7031968235969543, 0.7022427916526794, 0.7035878300666809, 0.70460444688797, 0.7026025056838989, 0.706340491771698, 0.7009759545326233, 0.7006162405014038, 0.7033063173294067, 0.7039163112640381, 0.7030717134475708, 0.7017266750335693, 0.7023522853851318], "val_loss": [0.5872136950492859, 0.5847554206848145, 0.5856629610061646, 0.5840280652046204, 0.5861837863922119, 0.5834532380104065, 0.584162175655365, 0.5843599438667297, 0.5834775567054749, 0.5829285383224487, 0.5828860402107239, 0.5834050178527832, 0.5846184492111206, 0.5812673568725586, 0.5837672352790833, 0.5836161375045776, 0.5838108658790588, 0.5826843976974487, 0.5841581225395203, 0.5829071998596191, 0.5835637450218201, 0.5851521492004395, 0.5807133913040161, 0.5840103626251221, 0.5806967616081238, 0.5841737389564514, 0.5821645259857178, 0.5844252109527588, 0.5832543969154358, 0.5817829370498657, 0.5836290121078491, 0.5839022397994995, 0.5837392807006836, 0.5865751504898071, 0.5842252969741821, 0.5853440761566162, 0.583268404006958, 0.5848690271377563, 0.5834483504295349, 0.586268424987793, 0.5840202569961548, 0.5835071206092834, 0.585050642490387, 0.5859618186950684, 0.5853459239006042, 0.5865652561187744, 0.5847442150115967, 0.5861916542053223, 0.585465133190155, 0.584002673625946, 0.5824468731880188, 0.5835680365562439, 0.5853525400161743, 0.5846758484840393, 0.5852958559989929, 0.585519015789032, 0.587552011013031, 0.5862598419189453, 0.5843390822410583, 0.585966169834137, 0.5829927325248718, 0.5845651626586914, 0.5866401195526123, 0.5849561095237732, 0.5848262906074524, 0.5858906507492065, 0.5834717750549316, 0.5851252675056458, 0.5853853225708008, 0.5847077965736389, 0.5873354077339172, 0.5866174101829529, 0.5862644910812378, 0.5860834717750549, 0.5896216034889221, 0.5852364301681519, 0.5854050517082214, 0.585731565952301, 0.5859532356262207, 0.5863848328590393, 0.5849047899246216, 0.5857954621315002, 0.5865043997764587, 0.5856489539146423, 0.5873398780822754, 0.5866390466690063, 0.5860705375671387, 0.5842165350914001, 0.5866221189498901, 0.5840025544166565, 0.5849605798721313, 0.5861199498176575, 0.5847477316856384, 0.5839371681213379, 0.5848258137702942, 0.5870379209518433, 0.5859033465385437, 0.5851843953132629, 0.5874825716018677, 0.5843818783760071, 0.5852941274642944],