{"loss": [3.3797647953033447, 0.4984724521636963, 0.3318887948989868, 0.29718953371047974, 0.2860765755176544, 0.2684239447116852, 0.2564268410205841, 0.2510295808315277, 0.24194321036338806, 0.23448362946510315, 0.22579678893089294, 0.21843084692955017, 0.21240781247615814, 0.20117922127246857, 0.19915084540843964, 0.1937406063079834, 0.18400569260120392, 0.17938052117824554, 0.17420320212841034, 0.16904787719249725, 0.16308099031448364, 0.158075213432312, 0.15253838896751404, 0.15009912848472595, 0.14359602332115173, 0.14359720051288605, 0.13183331489562988, 0.133001446723938, 0.13064521551132202, 0.12419043481349945, 0.12352731078863144, 0.12123917043209076, 0.12231480330228806, 0.11297909915447235, 0.11606445163488388, 0.11395462602376938, 0.10911399126052856, 0.10334908962249756, 0.09983709454536438, 0.10401269793510437, 0.096408411860466, 0.09467309713363647, 0.09717497229576111, 0.09180326759815216, 0.0903787910938263, 0.08673955500125885, 0.08934774249792099, 0.08203595876693726, 0.08263450115919113, 0.07791824638843536, 0.08031085878610611, 0.07934930175542831, 0.07683532685041428], "accuracy": [0.8217054009437561, 0.8471145629882812, 0.8619293570518494, 0.867958664894104, 0.8702411651611328, 0.8811799883842468, 0.8875538110733032, 0.890396237373352, 0.892204999923706, 0.8997846841812134, 0.902540922164917, 0.9064599275588989, 0.9080103635787964, 0.9147717356681824, 0.9161498546600342, 0.9178294539451599, 0.9214039444923401, 0.9267441630363464, 0.9273901581764221, 0.9291989803314209, 0.9326873421669006, 0.935012936592102, 0.936821699142456, 0.9378983378410339, 0.9408268928527832, 0.9412144422531128, 0.9452627301216125, 0.944918155670166, 0.9470714926719666, 0.9494401216506958, 0.9512919783592224, 0.9520671963691711, 0.9509904980659485, 0.9552971720695496, 0.9537037014961243, 0.9557278156280518, 0.9571059346199036, 0.9589147567749023, 0.9611541628837585, 0.9574935436248779, 0.9635658860206604, 0.9620155096054077, 0.961670994758606, 0.9639534950256348, 0.9648578763008118, 0.9660637378692627, 0.9652023911476135, 0.9686477184295654, 0.9679586291313171, 0.9694229364395142, 0.9687338471412659, 0.9695090651512146, 0.9703273177146912], "val_loss": [0.8626080751419067, 0.45630207657814026, 0.46271929144859314, 0.49551329016685486, 0.3695133626461029, 0.372160404920578, 0.3687065839767456, 0.3644537925720215, 0.3835250735282898, 0.4170394539833069, 0.48193490505218506, 0.38936367630958557, 0.43298080563545227, 0.46110156178474426, 0.4313649833202362, 0.3997347056865692, 0.41833508014678955, 0.43475085496902466, 0.41262781620025635, 0.41709110140800476, 0.4503132402896881, 0.4085887372493744, 0.42351946234703064, 0.4400363266468048, 0.4631992280483246, 0.44902390241622925, 0.4479387402534485, 0.4844017028808594, 0.5211579203605652, 0.48431411385536194, 0.5075997114181519, 0.5223947167396545, 0.4788877069950104, 0.5260567665100098, 0.456697940826416, 0.5230264067649841, 0.4931747317314148, 0.5779792666435242, 0.5080468058586121, 0.5300341844558716, 0.5363618731498718, 0.5746469497680664, 0.5288286805152893, 0.5605025291442871, 0.5491670370101929, 0.5778174996376038, 0.5219950079917908, 0.5455887317657471, 0.6072503924369812, 0.6594303250312805, 0.5690701603889465, 0.696699857711792, 0.5330862998962402], "val_accuracy": [0.8029285073280334, 0.8105081915855408, 0.7875107526779175, 0.7871662378311157, 0.838329017162323, 0.8279930949211121, 0.838329017162323, 0.8358311653137207, 0.8184323906898499, 0.8370370268821716, 0.8106804490089417, 0.8386735320091248, 0.8357450366020203, 0.8244616985321045, 0.8254952430725098, 0.8442721962928772, 0.838329017162323, 0.840568482875824, 0.8418604731559753, 0.8394487500190735, 0.8391903638839722, 0.8403100967407227, 0.8459087014198303, 0.8371231555938721, 0.8390181064605713, 0.8408268690109253, 0.8445305824279785, 0.8325581550598145, 0.8301464319229126, 0.8322997689247131, 0.841602087020874, 0.8357450366020203, 0.8322997689247131, 0.8449612259864807, 0.8394487500190735, 0.8417743444442749, 0.8406546115875244, 0.8349698781967163, 0.840568482875824, 0.8415159583091736, 0.8410852551460266, 0.8341085314750671, 0.8403962254524231, 0.8416882157325745, 0.8367786407470703, 0.8432385921478271, 0.8421188592910767, 0.8387596607208252, 0.8379845023155212, 0.8352282643318176, 0.8357450366020203, 0.8197243809700012, 0.8432385921478271], "time_taken": "3201.05s"}