{"loss": [3.380972146987915, 0.5280919075012207, 0.37984588742256165, 0.35470646619796753, 0.340067058801651, 0.33925458788871765, 0.3259868323802948, 0.3229518234729767, 0.31798216700553894, 0.31423845887184143, 0.30768704414367676, 0.3000423014163971, 0.2993747293949127, 0.2923550307750702, 0.291119247674942, 0.2897297143936157, 0.2796052396297455, 0.28148218989372253, 0.27557921409606934, 0.26741188764572144, 0.26272863149642944, 0.26490819454193115, 0.2581689953804016, 0.25541016459465027, 0.24898813664913177, 0.24454942345619202, 0.24399328231811523, 0.24038918316364288, 0.232720747590065, 0.23608440160751343, 0.22755125164985657, 0.2236916571855545, 0.22361011803150177, 0.2178822159767151, 0.215911865234375, 0.2161960005760193, 0.20992819964885712, 0.20925945043563843, 0.19914115965366364, 0.20311547815799713, 0.20196107029914856, 0.1978500634431839, 0.19246284663677216, 0.18916724622249603, 0.18517911434173584, 0.18485935032367706, 0.1796860247850418, 0.17950886487960815, 0.1789644956588745, 0.17578619718551636, 0.17381271719932556, 0.17109595239162445, 0.16637012362480164, 0.16380444169044495, 0.16228988766670227, 0.15767335891723633, 0.15586131811141968, 0.1550224870443344, 0.15652544796466827, 0.15293782949447632, 0.15172940492630005, 0.14941486716270447, 0.14568586647510529, 0.14389324188232422, 0.143647238612175, 0.14048266410827637, 0.13734087347984314, 0.13493184745311737, 0.13356298208236694, 0.13447915017604828, 0.13611111044883728, 0.1283891648054123, 0.12593939900398254], "accuracy": [0.7906976938247681, 0.82097327709198, 0.8307924270629883, 0.8369939923286438, 0.8397502303123474, 0.8397071361541748, 0.847459077835083, 0.8503014445304871, 0.8539621233940125, 0.8549095392227173, 0.8585271239280701, 0.8615848422050476, 0.8617140650749207, 0.8664513230323792, 0.8682601451873779, 0.8686046600341797, 0.8742032647132874, 0.8733850121498108, 0.875150740146637, 0.8804478645324707, 0.883074939250946, 0.8813953399658203, 0.8867355585098267, 0.8859604001045227, 0.8895779252052307, 0.8908268809318542, 0.8930663466453552, 0.8959948420524597, 0.8982343077659607, 0.8949182033538818, 0.8999999761581421, 0.9017657041549683, 0.9040051698684692, 0.9062446355819702, 0.9066321849822998, 0.9072781801223755, 0.90973299741745, 0.9083548784255981, 0.9145564436912537, 0.9123600125312805, 0.9155899882316589, 0.9150301218032837, 0.9195520877838135, 0.9180448055267334, 0.9201980829238892, 0.9208871722221375, 0.9259259104728699, 0.927088737487793, 0.9237726330757141, 0.9259259104728699, 0.9257106184959412, 0.9301894903182983, 0.9288113713264465, 0.9318690896034241, 0.9332041144371033, 0.9336348176002502, 0.9350990653038025, 0.9360895752906799, 0.9351420998573303, 0.9373815655708313, 0.9374676942825317, 0.9368647933006287, 0.9409991502761841, 0.942075788974762, 0.9403961896896362, 0.9426787495613098, 0.9443582892417908, 0.9462101459503174, 0.9455641508102417, 0.9465547204017639, 0.9450904130935669, 0.949095606803894, 0.9492248296737671], "val_loss": [0.893416166305542, 0.48495379090309143, 0.45194390416145325, 0.4566275179386139, 0.4595498740673065, 0.4279452860355377, 0.43224936723709106, 0.420009970664978, 0.44362756609916687, 0.4782226085662842, 0.4309246838092804, 0.4380563199520111, 0.40967491269111633, 0.437543660402298, 0.4114726781845093, 0.40909335017204285, 0.40881407260894775, 0.41964319348335266, 0.4196673333644867, 0.43610110878944397, 0.42720097303390503, 0.41373369097709656, 0.4391109347343445, 0.4159269332885742, 0.4208458662033081, 0.4842372536659241, 0.4436856210231781, 0.4961652159690857, 0.4471434950828552, 0.444210946559906, 0.47422319650650024, 0.4772399663925171, 0.47394710779190063, 0.4716085195541382, 0.45741406083106995, 0.48575618863105774, 0.4592044949531555, 0.4469607174396515, 0.4881240427494049, 0.44593530893325806, 0.4951452314853668, 0.5009597539901733, 0.4611193835735321, 0.5158405303955078, 0.5067405700683594, 0.48492270708084106, 0.514529824256897, 0.5136191248893738, 0.5086840391159058, 0.4957267940044403, 0.5235520005226135, 0.5517606735229492, 0.4724527895450592, 0.49457302689552307, 0.5084574222564697, 0.599837601184845, 0.5387874245643616, 0.5352001786231995, 0.5833473205566406, 0.5522323250770569, 0.5536154508590698, 0.6094297170639038, 0.5803906917572021, 0.6504310965538025, 0.5360314846038818, 0.6021506786346436, 0.6228399872779846, 0.6266750693321228, 0.5810513496398926, 0.5659723281860352, 0.6530546545982361, 0.6258580684661865, 0.655138373374939], "val_accuracy": [0.7705426216125488, 0.7911283373832703, 0.7916451096534729, 0.7842377424240112, 0.7900947332382202, 0.7991386651992798, 0.8012920022010803, 0.8053402304649353, 0.7864771485328674, 0.7866494655609131, 0.8116279244422913, 0.8132644295692444, 0.8130060434341431, 0.7936261892318726, 0.8120585680007935, 0.8198105096817017, 0.8172265291213989, 0.8129199147224426, 0.8099913597106934, 0.8130921721458435, 0.8136950731277466, 0.8173126578330994, 0.8197243809700012, 0.819293737411499, 0.818260133266449, 0.8076658248901367, 0.8113695383071899, 0.7900947332382202, 0.8117140531539917, 0.8175710439682007, 0.810938835144043, 0.7950043082237244, 0.8130921721458435, 0.8161067962646484, 0.8151593208312988, 0.8105081915855408, 0.8169681429862976, 0.8191214203834534, 0.8130060434341431, 0.8125753402709961, 0.8181740045547485, 0.8037037253379822, 0.8213608860969543, 0.7999138832092285, 0.8014642596244812, 0.8187769055366516, 0.809130072593689, 0.798794150352478, 0.8146425485610962, 0.807924211025238, 0.8132644295692444, 0.8031007647514343, 0.8115417957305908, 0.810938835144043, 0.8081825971603394, 0.8030146360397339, 0.8078380823135376, 0.806890606880188, 0.8055986166000366, 0.8077519536018372, 0.8093023300170898, 0.8118863105773926, 0.8059431314468384, 0.7982773184776306, 0.8054263591766357, 0.8004306554794312, 0.8106804490089417, 0.7972437739372253, 0.8106804490089417, 0.8113695383071899, 0.7983635067939758, 0.8063738346099854, 0.8061153888702393], "time_taken": "2611.25s"}