{"loss": [3.2398500442504883, 0.47260549664497375, 0.33844050765037537, 0.31556472182273865, 0.2997460663318634, 0.29364684224128723, 0.2858656048774719, 0.2748432457447052, 0.2661524713039398, 0.2625434696674347, 0.25459185242652893, 0.25019243359565735, 0.2444283366203308, 0.23816919326782227, 0.23053884506225586, 0.22564202547073364, 0.21843566000461578, 0.21831223368644714, 0.20721347630023956, 0.2047443836927414, 0.19887611269950867, 0.1950909048318863, 0.19527660310268402, 0.1839606910943985, 0.18284475803375244, 0.1740305870771408, 0.17546923458576202, 0.1692572981119156, 0.1631406843662262, 0.1605527400970459, 0.16105833649635315, 0.15254226326942444, 0.15242286026477814, 0.1476464867591858, 0.14558948576450348, 0.14038629829883575, 0.1379920095205307, 0.13234955072402954, 0.13499049842357635, 0.13155195116996765, 0.13054172694683075, 0.12487594038248062, 0.12360641360282898, 0.11911991238594055, 0.12020660936832428, 0.11552628874778748, 0.11737004667520523], "accuracy": [0.8180017471313477, 0.844315230846405, 0.854651153087616, 0.8568906188011169, 0.8635658621788025, 0.8680016994476318, 0.8713178038597107, 0.8753229975700378, 0.8814384341239929, 0.8815245628356934, 0.8871662616729736, 0.8893195390701294, 0.8903531432151794, 0.8950473666191101, 0.8993109464645386, 0.9012489318847656, 0.9054263830184937, 0.9072781801223755, 0.911670982837677, 0.9112833738327026, 0.9146856069564819, 0.9193367958068848, 0.9165374636650085, 0.9234711527824402, 0.9225236773490906, 0.9263566136360168, 0.9243755340576172, 0.9298449754714966, 0.9328595995903015, 0.9325150847434998, 0.9326873421669006, 0.9371662139892578, 0.9391903281211853, 0.9394056797027588, 0.9404823184013367, 0.9431524276733398, 0.9418174028396606, 0.9469422698020935, 0.9441429972648621, 0.9474160075187683, 0.9480189681053162, 0.9512489438056946, 0.9502583742141724, 0.9512919783592224, 0.9528854489326477, 0.9534883499145508, 0.9534883499145508], "val_loss": [0.7625975608825684, 0.4851591885089874, 0.3776237964630127, 0.37797027826309204, 0.37938767671585083, 0.4304012060165405, 0.3868545889854431, 0.3723891079425812, 0.3514646589756012, 0.3421122431755066, 0.3431370258331299, 0.4205435514450073, 0.36871659755706787, 0.35064682364463806, 0.3670259118080139, 0.3734308183193207, 0.3665957450866699, 0.3533731698989868, 0.3696606159210205, 0.3941911458969116, 0.3970603048801422, 0.3882695436477661, 0.3649599850177765, 0.3826637864112854, 0.3648427128791809, 0.4203556776046753, 0.41070321202278137, 0.3839643597602844, 0.402493417263031, 0.5132433772087097, 0.41774168610572815, 0.4012216329574585, 0.42416033148765564, 0.4329209625720978, 0.4855895936489105, 0.41137897968292236, 0.48966285586357117, 0.44126129150390625, 0.4588179886341095, 0.4385128617286682, 0.5282855033874512, 0.462570458650589, 0.5926979184150696, 0.526809811592102, 0.5119311809539795, 0.5239723920822144, 0.5260651111602783], "val_accuracy": [0.8234280943870544, 0.7963824272155762, 0.8339362740516663, 0.8347975611686707, 0.8301464319229126, 0.8199827671051025, 0.827390193939209, 0.8420327305793762, 0.8472868204116821, 0.8453058004379272, 0.8518518805503845, 0.8292850852012634, 0.8490955829620361, 0.8478897213935852, 0.8508182764053345, 0.8490955829620361, 0.8522825241088867, 0.8491817116737366, 0.8482342958450317, 0.841171383857727, 0.8478035926818848, 0.8483204245567322, 0.8482342958450317, 0.845650315284729, 0.845219612121582, 0.8425495028495789, 0.8476313352584839, 0.8414298295974731, 0.8495262861251831, 0.8291128277778625, 0.8463393449783325, 0.8409991264343262, 0.8453058004379272, 0.8475452065467834, 0.8491817116737366, 0.8437553644180298, 0.8497846722602844, 0.8427218198776245, 0.8484065532684326, 0.8472868204116821, 0.8485788106918335, 0.8397071361541748, 0.832472026348114, 0.8498708009719849, 0.8479759097099304, 0.8447028398513794, 0.8451334834098816], "time_taken": "3697.42s"}