{"loss": [3.0948846340179443, 0.3555452227592468, 0.23627223074436188, 0.21916329860687256, 0.20961487293243408, 0.20312178134918213, 0.19873946905136108, 0.19172970950603485, 0.18567006289958954, 0.17894010245800018, 0.17323945462703705, 0.17093148827552795, 0.16443036496639252, 0.1601082980632782, 0.15341544151306152, 0.15197351574897766, 0.15047945082187653, 0.14167876541614532, 0.13944683969020844, 0.13761278986930847, 0.1325620859861374, 0.1295110285282135, 0.1276649683713913, 0.121823750436306, 0.11843135207891464, 0.11461815983057022, 0.11447037011384964, 0.11205343157052994, 0.10632393509149551, 0.10473458468914032, 0.1051889955997467, 0.09997604042291641, 0.09665773063898087, 0.09310094267129898, 0.09335501492023468, 0.08994947373867035, 0.09002690017223358, 0.08706758916378021, 0.08421486616134644, 0.07893068343400955, 0.07955006510019302, 0.07906925678253174, 0.0796913206577301, 0.07730463147163391, 0.07447662949562073], "accuracy": [0.868733823299408, 0.888329029083252, 0.8985788226127625, 0.8996985554695129, 0.9030576944351196, 0.9041774272918701, 0.9099052548408508, 0.9145994782447815, 0.9169681072235107, 0.9187338352203369, 0.9220069050788879, 0.9256244897842407, 0.9264427423477173, 0.9295434951782227, 0.9338932037353516, 0.9333763718605042, 0.9350559711456299, 0.9400947690010071, 0.9402239322662354, 0.9415159225463867, 0.9437553882598877, 0.9438415169715881, 0.9475452303886414, 0.9487941265106201, 0.9520671963691711, 0.9517226815223694, 0.9526700973510742, 0.9539190530776978, 0.9565891623497009, 0.957192063331604, 0.9565460681915283, 0.9581395387649536, 0.9615417718887329, 0.9619293808937073, 0.9621016383171082, 0.9633936285972595, 0.9642118811607361, 0.9650732278823853, 0.9652454853057861, 0.9688199758529663, 0.9679586291313171, 0.9700258374214172, 0.968690812587738, 0.9694229364395142, 0.9704134464263916], "val_loss": [0.7505120635032654, 0.42178940773010254, 0.3976098597049713, 0.3989351689815521, 0.44248977303504944, 0.4114108979701996, 0.3796501159667969, 0.4044796824455261, 0.3829551041126251, 0.4148494005203247, 0.44857510924339294, 0.44335755705833435, 0.44079717993736267, 0.37966328859329224, 0.39365991950035095, 0.3912848234176636, 0.3950553238391876, 0.4438588321208954, 0.4195594787597656, 0.4230082333087921, 0.4341631531715393, 0.43782180547714233, 0.4408763349056244, 0.41566723585128784, 0.46685126423835754, 0.4038900136947632, 0.43553420901298523, 0.4060363471508026, 0.4643701910972595, 0.4779055118560791, 0.5228529572486877, 0.5130252838134766, 0.5198273062705994, 0.4867335259914398, 0.4701516330242157, 0.46432405710220337, 0.4906366169452667, 0.518922746181488, 0.5286081433296204, 0.5830749273300171, 0.4636741578578949, 0.4903109669685364, 0.5000718235969543, 0.5296206474304199, 0.48463016748428345], "val_accuracy": [0.8092162013053894, 0.8221361041069031, 0.8213608860969543, 0.8248062133789062, 0.8237726092338562, 0.8138673305511475, 0.8346253037452698, 0.8319551944732666, 0.8397071361541748, 0.8304048180580139, 0.8198105096817017, 0.8399655222892761, 0.814987063407898, 0.8335917592048645, 0.8410852551460266, 0.8407407402992249, 0.8366063833236694, 0.8382428884506226, 0.8327304124832153, 0.8397071361541748, 0.8319551944732666, 0.835486650466919, 0.8372092843055725, 0.8394487500190735, 0.8338501453399658, 0.8340224027633667, 0.8316968083381653, 0.8395348787307739, 0.832472026348114, 0.8223944902420044, 0.8194659948348999, 0.8358311653137207, 0.8378122448921204, 0.8287683129310608, 0.8294573426246643, 0.8145564198493958, 0.8330749273300171, 0.8341085314750671, 0.8309215903282166, 0.8344530463218689, 0.8271318078041077, 0.8354005217552185, 0.8347975611686707, 0.8355727791786194, 0.8290266990661621], "time_taken": "2966.86s"}