{"loss": [3.2143936157226562, 0.3785151541233063, 0.2356228232383728, 0.20388831198215485, 0.19162288308143616, 0.1872929334640503, 0.180230513215065, 0.17074891924858093, 0.16907943785190582, 0.1593448966741562, 0.1524849385023117, 0.14409077167510986, 0.1422455608844757, 0.1331758350133896, 0.13482250273227692, 0.12489183992147446, 0.12499195337295532, 0.12240187078714371, 0.11531101167201996, 0.10875903069972992, 0.10799282044172287, 0.10487788915634155, 0.10068146884441376, 0.0963122770190239, 0.0963093563914299, 0.08838839083909988, 0.09195315092802048, 0.08441898971796036, 0.08343488723039627, 0.08184259384870529, 0.07679706066846848, 0.07685825228691101, 0.0765395238995552, 0.06991425901651382, 0.07048054039478302, 0.06951424479484558, 0.06544260680675507, 0.06699901819229126, 0.06075749546289444, 0.06442643702030182, 0.06347021460533142, 0.05611832067370415, 0.06066157668828964, 0.054107848554849625, 0.05855629965662956, 0.055974990129470825, 0.05303715914487839, 0.053999196738004684, 0.05076250806450844], "accuracy": [0.8696812987327576, 0.8926356434822083, 0.9011628031730652, 0.9118432402610779, 0.9132213592529297, 0.9171834588050842, 0.920671820640564, 0.9243755340576172, 0.926658034324646, 0.9294573664665222, 0.9352282285690308, 0.9359603524208069, 0.9384151697158813, 0.9423341751098633, 0.9432386159896851, 0.9478036165237427, 0.9477174878120422, 0.9477174878120422, 0.9514642357826233, 0.9549956917762756, 0.9548234343528748, 0.956158459186554, 0.9590008854866028, 0.9600775241851807, 0.9605512619018555, 0.9636951088905334, 0.9612833857536316, 0.9659345149993896, 0.9667097330093384, 0.9661498665809631, 0.9699828028678894, 0.9707149267196655, 0.9701119661331177, 0.9730404615402222, 0.9724375605583191, 0.9733850359916687, 0.9739018082618713, 0.9739018082618713, 0.9763996601104736, 0.9758397936820984, 0.974418580532074, 0.9776485562324524, 0.9768733978271484, 0.9784237742424011, 0.9781222939491272, 0.979629635810852, 0.9800172448158264, 0.9782515168190002, 0.9801033735275269], "val_loss": [0.8302211165428162, 0.4490422010421753, 0.47006338834762573, 0.5071585774421692, 0.3867347836494446, 0.4675285816192627, 0.42790383100509644, 0.3962736129760742, 0.39155346155166626, 0.40773794054985046, 0.3956889510154724, 0.4225732386112213, 0.4479564130306244, 0.4319557249546051, 0.4153640866279602, 0.40801000595092773, 0.41172268986701965, 0.4418630599975586, 0.4301005005836487, 0.4748048484325409, 0.440305233001709, 0.5317239761352539, 0.40876901149749756, 0.502636194229126, 0.393447607755661, 0.4907805323600769, 0.4272402822971344, 0.47642892599105835, 0.5588283538818359, 0.5980162024497986, 0.500590980052948, 0.6296407580375671, 0.5332888960838318, 0.5103765726089478, 0.503754198551178, 0.5041557550430298, 0.5728825926780701, 0.5727503895759583, 0.565951406955719, 0.4761514365673065, 0.5433145761489868, 0.6710293889045715, 0.53684401512146, 0.6191931962966919, 0.5023855566978455, 0.598660945892334, 0.5948065519332886, 0.5669436454772949, 0.5641403198242188], "val_accuracy": [0.8039621114730835, 0.8192076086997986, 0.7996554970741272, 0.775452196598053, 0.8344530463218689, 0.8357450366020203, 0.8287683129310608, 0.8329026699066162, 0.8378983736038208, 0.8437553644180298, 0.8432385921478271, 0.8406546115875244, 0.8356589078903198, 0.8390181064605713, 0.8412575125694275, 0.8368647694587708, 0.8382428884506226, 0.8378983736038208, 0.8486649394035339, 0.8438414931297302, 0.8362618684768677, 0.835486650466919, 0.8379845023155212, 0.8388458490371704, 0.841602087020874, 0.8327304124832153, 0.8398793935775757, 0.8386735320091248, 0.8315245509147644, 0.8244616985321045, 0.837553858757019, 0.8321274518966675, 0.8267872333526611, 0.8281653523445129, 0.8304909467697144, 0.8403100967407227, 0.8290266990661621, 0.8360034227371216, 0.834280788898468, 0.8407407402992249, 0.8311800360679626, 0.8198105096817017, 0.8430663347244263, 0.8184323906898499, 0.8298019170761108, 0.8303186893463135, 0.8305770754814148, 0.8398793935775757, 0.836089551448822], "time_taken": "2223.50s"}