{"loss": [3.2127480506896973, 0.4056711792945862, 0.2747951149940491, 0.24879810214042664, 0.23993177711963654, 0.23432379961013794, 0.2292315810918808, 0.22474053502082825, 0.2226589173078537, 0.21527819335460663, 0.2131456732749939, 0.20724321901798248, 0.2089068591594696, 0.2018091082572937, 0.20020170509815216, 0.19586628675460815, 0.19277872145175934, 0.18985271453857422, 0.18958993256092072, 0.1850416213274002, 0.1832609325647354, 0.17833435535430908, 0.17532899975776672, 0.17488110065460205, 0.16986694931983948, 0.1696275919675827, 0.16646167635917664, 0.16560153663158417, 0.16235166788101196, 0.1589101403951645, 0.15581251680850983, 0.15214160084724426, 0.15155431628227234, 0.15078900754451752, 0.147321879863739, 0.14689642190933228, 0.13842716813087463, 0.13837853074073792, 0.13455574214458466, 0.13521015644073486, 0.1324128806591034, 0.13314072787761688, 0.12506622076034546, 0.1256294846534729, 0.12414698302745819, 0.12282932549715042, 0.12102670967578888, 0.11800788342952728, 0.11889835447072983, 0.11904386430978775, 0.11219893395900726, 0.11173249036073685, 0.109378382563591, 0.10983571410179138, 0.10796332359313965, 0.10433145612478256, 0.10603302717208862, 0.10167358070611954, 0.10424832999706268, 0.09988991916179657, 0.10054172575473785], "accuracy": [0.8494831919670105, 0.8735142350196838, 0.8791989684104919, 0.8852282762527466, 0.8881567716598511, 0.891171395778656, 0.8924203515052795, 0.8955211043357849, 0.8973298668861389, 0.9006890654563904, 0.9016795754432678, 0.9054694175720215, 0.903316080570221, 0.9084410071372986, 0.9070628881454468, 0.9112403392791748, 0.9114987254142761, 0.9122738838195801, 0.9128337502479553, 0.9152024388313293, 0.9178294539451599, 0.9198535680770874, 0.9214470386505127, 0.9212316870689392, 0.9264427423477173, 0.9250646233558655, 0.9249354004859924, 0.9260551333427429, 0.9282084703445435, 0.9282515048980713, 0.9315245747566223, 0.9349268078804016, 0.933979332447052, 0.9322997331619263, 0.9372523427009583, 0.935917317867279, 0.9400086402893066, 0.939836323261261, 0.9421188831329346, 0.9421619176864624, 0.9426356554031372, 0.9437984228134155, 0.9468131065368652, 0.9460378885269165, 0.9488802552223206, 0.9470714926719666, 0.9479328393936157, 0.9515934586524963, 0.9507321119308472, 0.9503875970840454, 0.9522824883460999, 0.9529715776443481, 0.9552110433578491, 0.9556416869163513, 0.956158459186554, 0.9570629000663757, 0.9560292959213257, 0.9585701823234558, 0.9562445878982544, 0.9595176577568054, 0.9583979249000549], "val_loss": [0.9714171886444092, 0.5019739270210266, 0.48410674929618835, 0.5686669945716858, 0.447346955537796, 0.5400201082229614, 0.5481653809547424, 0.4725675880908966, 0.46896982192993164, 0.454269677400589, 0.4301818907260895, 0.4275578558444977, 0.5049696564674377, 0.46698197722435, 0.542400062084198, 0.4611385762691498, 0.45969387888908386, 0.43936556577682495, 0.4605031907558441, 0.4493589699268341, 0.5562695860862732, 0.5298342704772949, 0.5341382026672363, 0.4384360611438751, 0.4569645822048187, 0.5087852478027344, 0.48795345425605774, 0.6415430307388306, 0.5066585540771484, 0.4745991826057434, 0.48706915974617004, 0.5151264071464539, 0.5011584162712097, 0.5056606531143188, 0.5700103044509888, 0.5114755630493164, 0.47868987917900085, 0.5379117131233215, 0.5026593208312988, 0.5276082754135132, 0.5832604765892029, 0.5825733542442322, 0.5529555678367615, 0.5710030198097229, 0.5969557762145996, 0.5384541749954224, 0.6133614778518677, 0.5616020560264587, 0.5178221464157104, 0.6516813635826111, 0.6084208488464355, 0.5709911584854126, 0.5995452404022217, 0.5594395399093628, 0.6435064077377319, 0.5997263193130493, 0.5806477069854736, 0.5404958724975586, 0.6594580411911011, 0.6319695711135864, 0.596194326877594], "val_accuracy": [0.7285099029541016, 0.789664089679718, 0.7821705341339111, 0.7328165173530579, 0.7841516137123108, 0.7453057765960693, 0.7393625974655151, 0.778294563293457, 0.7888888716697693, 0.7883720993995667, 0.7998277544975281, 0.8056847453117371, 0.7933678030967712, 0.800000011920929, 0.776055097579956, 0.7933678030967712, 0.800602912902832, 0.8049095869064331, 0.8056847453117371, 0.8042204976081848, 0.7913005948066711, 0.782342791557312, 0.7816537618637085, 0.7981050610542297, 0.8023256063461304, 0.7876830101013184, 0.8005167841911316, 0.7515073418617249, 0.8031007647514343, 0.7999138832092285, 0.8096468448638916, 0.7960379123687744, 0.8076658248901367, 0.8071489930152893, 0.7873384952545166, 0.791903555393219, 0.8012920022010803, 0.8030146360397339, 0.8001722693443298, 0.7980189323425293, 0.804651141166687, 0.7807062864303589, 0.8089578151702881, 0.7867355942726135, 0.7842377424240112, 0.7920758128166199, 0.7825150489807129, 0.8066322207450867, 0.7934539318084717, 0.7472867965698242, 0.7981911897659302, 0.7990525364875793, 0.7938845753669739, 0.8017226457595825, 0.7802756428718567, 0.7987080216407776, 0.7950043082237244, 0.792678713798523, 0.7892334461212158, 0.7940568327903748, 0.800602912902832], "time_taken": "1173.65s"}