{"loss": [10.858633995056152, 1.9049665927886963, 0.947496771812439, 0.7064430117607117, 0.620633602142334, 0.5880680084228516, 0.5669087171554565, 0.5522948503494263, 0.5464580655097961, 0.5395079851150513, 0.5326999425888062, 0.5335231423377991, 0.5300783514976501, 0.5228437185287476, 0.5209882855415344, 0.5236653089523315, 0.5160057544708252, 0.5171062350273132, 0.5116100907325745, 0.5099535584449768, 0.5077342987060547, 0.5078573226928711, 0.5057916641235352, 0.5049105882644653, 0.5011340379714966, 0.5016553997993469, 0.498399019241333, 0.49903783202171326, 0.4961415231227875, 0.49622872471809387, 0.4946971535682678, 0.4957936406135559, 0.49153512716293335, 0.492152601480484, 0.49029070138931274, 0.4904474914073944, 0.48792001605033875, 0.49270138144493103, 0.4859887361526489, 0.4871571958065033, 0.48921579122543335, 0.48882684111595154, 0.48541438579559326, 0.4880242943763733, 0.48983684182167053, 0.4890232980251312, 0.4871984124183655, 0.48493826389312744, 0.4840705990791321, 0.48814135789871216], "accuracy": [0.7217915654182434, 0.7485357522964478, 0.7512919902801514, 0.7554694414138794, 0.7565891742706299, 0.7527132034301758, 0.7577088475227356, 0.7585271596908569, 0.7582687139511108, 0.7600775361061096, 0.762403130531311, 0.7602928280830383, 0.7616279125213623, 0.7677863836288452, 0.7623169422149658, 0.7641257643699646, 0.7682170271873474, 0.7666236162185669, 0.7679586410522461, 0.7703273296356201, 0.7726098299026489, 0.7674418687820435, 0.7688630223274231, 0.7722653150558472, 0.773643434047699, 0.7756244540214539, 0.7760981917381287, 0.774246335029602, 0.7788544297218323, 0.7791128158569336, 0.7763996720314026, 0.7745908498764038, 0.7790266871452332, 0.7802325487136841, 0.7811800241470337, 0.7799310684204102, 0.7788975238800049, 0.7749784588813782, 0.7804479002952576, 0.7822997570037842, 0.780404806137085, 0.779198944568634, 0.7823858857154846, 0.7832902669906616, 0.7801464200019836, 0.7790266871452332, 0.7821274995803833, 0.7818260192871094, 0.7835917472839355, 0.7825581431388855], "val_loss": [3.181820869445801, 1.1420749425888062, 0.7381333112716675, 0.6065137386322021, 0.5522595643997192, 0.533556342124939, 0.5397757887840271, 0.5406588912010193, 0.4986242353916168, 0.48888298869132996, 0.5204622149467468, 0.48391371965408325, 0.4849151074886322, 0.47625061869621277, 0.5077962875366211, 0.4732493460178375, 0.47522956132888794, 0.469714879989624, 0.4706391990184784, 0.46245571970939636, 0.4718087613582611, 0.46394744515419006, 0.4633010923862457, 0.4613308906555176, 0.46862757205963135, 0.4598860740661621, 0.4567148685455322, 0.4550990164279938, 0.47033002972602844, 0.4551164507865906, 0.4562913775444031, 0.4677022695541382, 0.4520270526409149, 0.451766699552536, 0.46610650420188904, 0.45500174164772034, 0.4646994173526764, 0.4484558403491974, 0.45760390162467957, 0.4694935977458954, 0.4535295069217682, 0.4533481001853943, 0.445896714925766, 0.4466954469680786, 0.4503879249095917, 0.47167500853538513, 0.4545257091522217, 0.45158958435058594, 0.44439801573753357, 0.44828200340270996], "val_accuracy": [0.7807924151420593, 0.7786390781402588, 0.7807924151420593, 0.7872523665428162, 0.7869939804077148, 0.7808785438537598, 0.7709733247756958, 0.7583118081092834, 0.7897502183914185, 0.7912144660949707, 0.7689922451972961, 0.7918174266815186, 0.7898363471031189, 0.7936261892318726, 0.7668389081954956, 0.7943152189254761, 0.7943152189254761, 0.795521080493927, 0.7943152189254761, 0.801033616065979, 0.795521080493927, 0.7975021600723267, 0.7988802790641785, 0.7993109226226807, 0.7935400605201721, 0.8025839924812317, 0.8020671606063843, 0.800602912902832, 0.7911283373832703, 0.8020671606063843, 0.8040482401847839, 0.7933678030967712, 0.8059431314468384, 0.8059431314468384, 0.7935400605201721, 0.799569308757782, 0.7942290902137756, 0.8059431314468384, 0.7991386651992798, 0.7889750003814697, 0.8024117350578308, 0.8002583980560303, 0.8082687258720398, 0.8055986166000366, 0.8015503883361816, 0.7863048911094666, 0.8002583980560303, 0.8017226457595825, 0.8051679730415344, 0.8045650124549866], "time_taken": "1774.23s"}