{"loss": [9.91464614868164, 1.395222544670105, 0.7495372295379639, 0.6074718832969666, 0.5566337704658508, 0.5311467051506042, 0.5211845636367798, 0.510189950466156, 0.5027907490730286, 0.49662715196609497, 0.4935351610183716, 0.4904027581214905, 0.48841819167137146, 0.4820273816585541, 0.4840129613876343, 0.47726067900657654, 0.4751758873462677, 0.47446033358573914, 0.4729779362678528, 0.4677751660346985, 0.4703978896141052, 0.46905428171157837, 0.46521157026290894, 0.46344324946403503, 0.46291056275367737, 0.46442294120788574, 0.4621945321559906, 0.45865166187286377, 0.4606502652168274, 0.45854541659355164, 0.455270379781723, 0.45738422870635986, 0.45887133479118347, 0.4548516869544983, 0.45675891637802124, 0.45483729243278503, 0.45242542028427124, 0.451914519071579, 0.4516957700252533, 0.45427340269088745, 0.4509035050868988, 0.44782590866088867, 0.45019277930259705, 0.45034852623939514, 0.44826385378837585, 0.4495256841182709, 0.44511666893959045, 0.446778804063797, 0.44749486446380615, 0.4500253200531006], "accuracy": [0.7497846484184265, 0.7670542597770691, 0.7709733247756958, 0.7736003398895264, 0.7756675481796265, 0.7788544297218323, 0.7796726822853088, 0.7785529494285583, 0.7840223908424377, 0.7854005098342896, 0.785615861415863, 0.7836347818374634, 0.7848406434059143, 0.7880275845527649, 0.7875968813896179, 0.7881567478179932, 0.791472852230072, 0.7944444417953491, 0.795047402381897, 0.7957795262336731, 0.7934539318084717, 0.7964685559272766, 0.7971145510673523, 0.7999569177627563, 0.7973299026489258, 0.800602912902832, 0.795951783657074, 0.7994401454925537, 0.8019810318946838, 0.8012489080429077, 0.8040912747383118, 0.8010766506195068, 0.7996124029159546, 0.8041774034500122, 0.8025839924812317, 0.801808774471283, 0.8041343688964844, 0.8040051460266113, 0.8027992844581604, 0.8020671606063843, 0.8068044781684875, 0.8085271120071411, 0.8069767355918884, 0.8045650124549866, 0.807019829750061, 0.8060723543167114, 0.8062015771865845, 0.8084840774536133, 0.8077088594436646, 0.8058139681816101], "val_loss": [2.295102596282959, 0.8407111167907715, 0.5791906118392944, 0.5010556578636169, 0.4736747741699219, 0.4702664911746979, 0.4412881135940552, 0.4577036201953888, 0.4403027594089508, 0.42979201674461365, 0.4195355772972107, 0.43495383858680725, 0.42039740085601807, 0.41520053148269653, 0.4127630293369293, 0.4116840660572052, 0.40801802277565, 0.40204915404319763, 0.40461811423301697, 0.4001432955265045, 0.4060859680175781, 0.4003414213657379, 0.3962582051753998, 0.3977566361427307, 0.39278438687324524, 0.40237924456596375, 0.4014536142349243, 0.4023910164833069, 0.39213624596595764, 0.39631664752960205, 0.39764198660850525, 0.3880003094673157, 0.4006539583206177, 0.39544880390167236, 0.3887350857257843, 0.3964742422103882, 0.3869401514530182, 0.40867677330970764, 0.38890382647514343, 0.39293691515922546, 0.3879122734069824, 0.3864785134792328, 0.3862086534500122, 0.38826438784599304, 0.3873388469219208, 0.3835046589374542, 0.38747745752334595, 0.3845132887363434, 0.3851298689842224, 0.38838210701942444], "val_accuracy": [0.8161929249763489, 0.8113695383071899, 0.8209302425384521, 0.8212747573852539, 0.8173987865447998, 0.8133505582809448, 0.8278208374977112, 0.8071489930152893, 0.8175710439682007, 0.8254952430725098, 0.8300603032112122, 0.8162790536880493, 0.8277347087860107, 0.8327304124832153, 0.8294573426246643, 0.8325581550598145, 0.8339362740516663, 0.8360034227371216, 0.8348837494850159, 0.8366925120353699, 0.8335055708885193, 0.8388458490371704, 0.8391903638839722, 0.8349698781967163, 0.8372092843055725, 0.835486650466919, 0.8397071361541748, 0.8318690657615662, 0.8421188592910767, 0.8371231555938721, 0.8378983736038208, 0.8439276218414307, 0.8370370268821716, 0.8391042351722717, 0.844616711139679, 0.8336778879165649, 0.8432385921478271, 0.828423798084259, 0.8436692357063293, 0.8385874032974243, 0.8427218198776245, 0.8437553644180298, 0.8438414931297302, 0.8430663347244263, 0.8471145629882812, 0.8445305824279785, 0.8391903638839722, 0.8422049880027771, 0.8465116024017334, 0.8440138101577759], "time_taken": "3981.03s"}