{"loss": [11.245340347290039, 1.7296148538589478, 0.8315157294273376, 0.629007875919342, 0.5548465251922607, 0.527741551399231, 0.512919545173645, 0.5036670565605164, 0.49525895714759827, 0.48611384630203247, 0.483516126871109, 0.47349995374679565, 0.47126075625419617, 0.4685927927494049, 0.46711865067481995, 0.46139952540397644, 0.4601971209049225, 0.45795729756355286, 0.4548552334308624, 0.4540683329105377, 0.45406320691108704, 0.4447886347770691, 0.4474329352378845, 0.44879961013793945, 0.44613054394721985, 0.44280359148979187, 0.4437674880027771, 0.440469354391098, 0.4414972960948944, 0.44119688868522644, 0.43801918625831604, 0.43462812900543213, 0.4354247748851776, 0.43526768684387207, 0.43045538663864136, 0.43755045533180237, 0.4339402914047241, 0.43256402015686035, 0.4335691034793854, 0.4320510923862457, 0.4290291965007782, 0.42755046486854553, 0.4271097481250763, 0.4286532700061798, 0.42664870619773865, 0.42604511976242065, 0.4291653633117676, 0.4253794848918915, 0.42488300800323486, 0.42462822794914246], "accuracy": [0.7511197328567505, 0.7736864686012268, 0.7781223058700562, 0.7818260192871094, 0.7861757278442383, 0.7852282524108887, 0.7903531193733215, 0.7915589809417725, 0.7931524515151978, 0.797760546207428, 0.7982773184776306, 0.8035745024681091, 0.8024978637695312, 0.8035745024681091, 0.8040912747383118, 0.8060723543167114, 0.8083979487419128, 0.8093884587287903, 0.8080103397369385, 0.8115417957305908, 0.8125753402709961, 0.815891444683075, 0.8113695383071899, 0.8105081915855408, 0.8149440288543701, 0.8145994544029236, 0.8123169541358948, 0.8169681429862976, 0.813781201839447, 0.817054271697998, 0.8186477422714233, 0.820198118686676, 0.8189922571182251, 0.8198536038398743, 0.8228251338005066, 0.8181309103965759, 0.8186907768249512, 0.8240740895271301, 0.8209302425384521, 0.8198105096817017, 0.8217915296554565, 0.8199827671051025, 0.8211886286735535, 0.822911262512207, 0.8223944902420044, 0.8261843323707581, 0.8256244659423828, 0.8244616985321045, 0.8244186043739319, 0.8247631192207336], "val_loss": [3.006815195083618, 0.9913248419761658, 0.6494402289390564, 0.5400908589363098, 0.4900669753551483, 0.47253313660621643, 0.46048545837402344, 0.4708941876888275, 0.44645804166793823, 0.4429745078086853, 0.42859208583831787, 0.43267005681991577, 0.46729525923728943, 0.42218518257141113, 0.41461625695228577, 0.4276729226112366, 0.41288915276527405, 0.41581830382347107, 0.4144116938114166, 0.4328804612159729, 0.41032862663269043, 0.40818870067596436, 0.4380800426006317, 0.414789617061615, 0.402456670999527, 0.4001394510269165, 0.4133709669113159, 0.3984595835208893, 0.40463367104530334, 0.4093923568725586, 0.4135119616985321, 0.39842942357063293, 0.3986681401729584, 0.39523807168006897, 0.39536696672439575, 0.41218656301498413, 0.4090743064880371, 0.4001009464263916, 0.41139212250709534, 0.40149322152137756, 0.39457085728645325, 0.4048812687397003, 0.3983943462371826, 0.3963295519351959, 0.39757785201072693, 0.40748730301856995, 0.39936140179634094, 0.4015865623950958, 0.3936026394367218, 0.40158340334892273], "val_accuracy": [0.7996554970741272, 0.8067183494567871, 0.8016365170478821, 0.8082687258720398, 0.8095607161521912, 0.8118001818656921, 0.8153316378593445, 0.8043066263198853, 0.8175710439682007, 0.8167958855628967, 0.8287683129310608, 0.8224806189537048, 0.800000011920929, 0.8267011046409607, 0.8322997689247131, 0.8232558369636536, 0.8297157883644104, 0.8286821842193604, 0.8275624513626099, 0.8227390050888062, 0.832041323184967, 0.8285960555076599, 0.8145564198493958, 0.8220499753952026, 0.8336778879165649, 0.8384151458740234, 0.8280792236328125, 0.8358311653137207, 0.8367786407470703, 0.8316106796264648, 0.827390193939209, 0.835486650466919, 0.8335917592048645, 0.8394487500190735, 0.8402239680290222, 0.8309215903282166, 0.8316968083381653, 0.8341946601867676, 0.8293712139129639, 0.8341946601867676, 0.8378983736038208, 0.8329887986183167, 0.8331610560417175, 0.8360034227371216, 0.8352282643318176, 0.8343669176101685, 0.8345391750335693, 0.8329887986183167, 0.8410852551460266, 0.8352282643318176], "time_taken": "3101.62s"}