{"loss": [3.4141883850097656, 0.5885655283927917, 0.423883855342865, 0.38850513100624084, 0.3738381862640381, 0.36707285046577454, 0.36116674542427063, 0.3560051918029785, 0.34788888692855835, 0.3464602530002594, 0.3381412923336029, 0.3317639231681824, 0.32675403356552124, 0.3249187767505646, 0.3179858922958374, 0.31663399934768677, 0.3122578263282776, 0.30657851696014404, 0.30919182300567627, 0.29393061995506287, 0.2905351519584656, 0.29198530316352844, 0.2863989472389221, 0.2861733138561249, 0.28082790970802307, 0.27438050508499146, 0.27552086114883423, 0.2637896239757538, 0.26353511214256287, 0.2598797380924225, 0.25747525691986084, 0.2560083866119385, 0.24544785916805267, 0.24550838768482208, 0.24488985538482666, 0.23730242252349854, 0.2413971722126007, 0.23306259512901306, 0.22892889380455017, 0.2261369824409485, 0.2255418449640274, 0.2231103628873825, 0.21240325272083282, 0.21282218396663666, 0.21402598917484283, 0.20717684924602509, 0.20863686501979828], "accuracy": [0.776485800743103, 0.8013350367546082, 0.814987063407898, 0.8195521235466003, 0.8254952430725098, 0.8280361890792847, 0.8323858976364136, 0.8346253037452698, 0.8385874032974243, 0.8390181064605713, 0.8406546115875244, 0.8459517359733582, 0.8478035926818848, 0.8493540287017822, 0.8542635440826416, 0.8546081185340881, 0.8567613959312439, 0.860637366771698, 0.8601636290550232, 0.8679155707359314, 0.8678725361824036, 0.8678725361824036, 0.8700258135795593, 0.8693367838859558, 0.8754091262817383, 0.8764857649803162, 0.8786821961402893, 0.8828595876693726, 0.8819121718406677, 0.8852282762527466, 0.8879414200782776, 0.8872523903846741, 0.8924203515052795, 0.8938845992088318, 0.8940137624740601, 0.8961670994758606, 0.8959517478942871, 0.899267852306366, 0.9003445506095886, 0.9009905457496643, 0.9021533131599426, 0.9043066501617432, 0.9094746112823486, 0.9083548784255981, 0.9082256555557251, 0.9132644534111023, 0.9112403392791748], "val_loss": [0.8837540745735168, 0.49284955859184265, 0.498479425907135, 0.4252279996871948, 0.4130813479423523, 0.4076693058013916, 0.4359782040119171, 0.4202720522880554, 0.403070330619812, 0.4089885354042053, 0.3993971049785614, 0.40453577041625977, 0.40481454133987427, 0.408730149269104, 0.4452967345714569, 0.45200860500335693, 0.3973888158798218, 0.4324915111064911, 0.4090210199356079, 0.40602314472198486, 0.41453707218170166, 0.40192002058029175, 0.433633416891098, 0.44325247406959534, 0.4048696458339691, 0.42976054549217224, 0.4175468683242798, 0.4303756058216095, 0.41350889205932617, 0.4398805499076843, 0.4108085036277771, 0.4118417203426361, 0.4902823567390442, 0.474395215511322, 0.4511859714984894, 0.456826388835907, 0.41701680421829224, 0.45176824927330017, 0.4417824447154999, 0.47483476996421814, 0.468158483505249, 0.45141103863716125, 0.43970075249671936, 0.4817102253437042, 0.4492018520832062, 0.44913649559020996, 0.45414257049560547], "val_accuracy": [0.7850990295410156, 0.7976744174957275, 0.7597760558128357, 0.8073212504386902, 0.806890606880188, 0.8043927550315857, 0.7905254364013672, 0.8075796961784363, 0.8113695383071899, 0.8041343688964844, 0.813178300857544, 0.8094745874404907, 0.8151593208312988, 0.809732973575592, 0.8043066263198853, 0.7980189323425293, 0.8220499753952026, 0.7943152189254761, 0.8171404004096985, 0.8204134106636047, 0.8148148059844971, 0.8186907768249512, 0.8146425485610962, 0.8045650124549866, 0.8154177665710449, 0.8075796961784363, 0.8162790536880493, 0.8157622814178467, 0.8179156184196472, 0.8164513111114502, 0.8095607161521912, 0.8146425485610962, 0.8003445267677307, 0.8190352916717529, 0.8111110925674438, 0.8173987865447998, 0.819293737411499, 0.8197243809700012, 0.8103359341621399, 0.8191214203834534, 0.8086132407188416, 0.818863034248352, 0.8203272819519043, 0.8177433013916016, 0.8211886286735535, 0.8162790536880493, 0.8184323906898499], "time_taken": "1679.13s"}