{"loss": [3.3837904930114746, 0.5286535024642944, 0.35921090841293335, 0.3246649205684662, 0.3075356185436249, 0.2960374653339386, 0.2844269871711731, 0.2814346253871918, 0.2686046361923218, 0.26074787974357605, 0.24765436351299286, 0.24402539432048798, 0.2387702465057373, 0.22631527483463287, 0.2193092703819275, 0.21329057216644287, 0.2073107361793518, 0.19889093935489655, 0.19800423085689545, 0.19206400215625763, 0.18372662365436554, 0.179413840174675, 0.1724022924900055, 0.17080727219581604, 0.16364318132400513, 0.158112034201622, 0.15739686787128448, 0.15099434554576874, 0.14913822710514069, 0.14460745453834534, 0.1425180584192276, 0.1368638426065445, 0.13008250296115875, 0.12870323657989502, 0.12564052641391754, 0.12311010807752609, 0.11984891444444656, 0.11784165352582932, 0.11246491223573685, 0.11607109755277634, 0.10932562500238419, 0.1097487285733223, 0.10362779349088669, 0.10478651523590088, 0.10337181389331818, 0.09801500290632248, 0.09553157538175583, 0.09060376137495041, 0.09268669784069061, 0.09070882946252823, 0.08914072811603546, 0.0904214158654213, 0.08511334657669067, 0.08208081871271133, 0.08230722695589066, 0.08267376571893692, 0.07996915280818939, 0.08082958310842514, 0.0765632838010788, 0.0710262879729271, 0.0775304064154625, 0.07467280328273773, 0.07412173599004745, 0.06998500972986221, 0.06975911557674408, 0.0671376883983612], "accuracy": [0.8115417957305908, 0.8366925120353699, 0.8483204245567322, 0.8577519655227661, 0.8628337383270264, 0.868733823299408, 0.8745477795600891, 0.8733419179916382, 0.8837639689445496, 0.8847975730895996, 0.8940998911857605, 0.8941429853439331, 0.8972007036209106, 0.9040482640266418, 0.9063307642936707, 0.9093023538589478, 0.9126184582710266, 0.914814829826355, 0.9178294539451599, 0.9177433252334595, 0.9239017963409424, 0.9248923063278198, 0.9291989803314209, 0.9295434951782227, 0.9324289560317993, 0.9322997331619263, 0.9366494417190552, 0.9392764568328857, 0.9389750361442566, 0.9411283135414124, 0.9415590167045593, 0.9448320269584656, 0.9485357403755188, 0.9500861167907715, 0.9509474635124207, 0.9502583742141724, 0.9523686766624451, 0.9554694294929504, 0.9570198059082031, 0.9540913105010986, 0.9568905830383301, 0.9560723304748535, 0.959431529045105, 0.9588285684585571, 0.9606373906135559, 0.9620585441589355, 0.9627476334571838, 0.9648148417472839, 0.9635228514671326, 0.9654608368873596, 0.9648578763008118, 0.9662790894508362, 0.9673988223075867, 0.9692075848579407, 0.9681739807128906, 0.9683893322944641, 0.9701550602912903, 0.9682601094245911, 0.9701980948448181, 0.9733419418334961, 0.9705857038497925, 0.9709733128547668, 0.9713609218597412, 0.9733419418334961, 0.9732558131217957, 0.973944902420044], "val_loss": [0.8685699105262756, 0.47419413924217224, 0.3808691203594208, 0.36344826221466064, 0.36633798480033875, 0.34921780228614807, 0.35826653242111206, 0.3551833927631378, 0.3552626371383667, 0.34621766209602356, 0.34469932317733765, 0.37316787242889404, 0.36703231930732727, 0.3574034869670868, 0.37938234210014343, 0.3745376169681549, 0.38897237181663513, 0.40306147933006287, 0.3957762122154236, 0.3905799984931946, 0.40775638818740845, 0.4042997658252716, 0.4082390367984772, 0.44646358489990234, 0.4131471812725067, 0.39708998799324036, 0.4368116855621338, 0.44241562485694885, 0.5787439942359924, 0.4762250483036041, 0.5253400802612305, 0.46858832240104675, 0.45934727787971497, 0.4593915343284607, 0.45448070764541626, 0.4511374235153198, 0.466029554605484, 0.4801967740058899, 0.543904721736908, 0.4967190623283386, 0.6103691458702087, 0.5332847237586975, 0.5014276504516602, 0.5576144456863403, 0.5230773091316223, 0.5186957716941833, 0.5907708406448364, 0.6248047947883606, 0.519162654876709, 0.5546127557754517, 0.5143145322799683, 0.544955313205719, 0.581664502620697, 0.5883155465126038, 0.6665540933609009, 0.6820902824401855, 0.6339531540870667, 0.5728695392608643, 0.652766764163971, 0.6414482593536377, 0.5970927476882935, 0.52740079164505, 0.5933957695960999, 0.6352435350418091, 0.6296030879020691, 0.6351560354232788], "val_accuracy": [0.8021532893180847, 0.8127476572990417, 0.8310077786445618, 0.8426356315612793, 0.839362621307373, 0.8449612259864807, 0.8388458490371704, 0.8484926819801331, 0.8462532162666321, 0.8498708009719849, 0.8485788106918335, 0.8473729491233826, 0.8518518805503845, 0.8482342958450317, 0.8494401574134827, 0.8455641865730286, 0.8521102666854858, 0.8449612259864807, 0.8490955829620361, 0.836520254611969, 0.8487510681152344, 0.8483204245567322, 0.8459087014198303, 0.8398793935775757, 0.8453058004379272, 0.8484926819801331, 0.8433247208595276, 0.8451334834098816, 0.8399655222892761, 0.8378983736038208, 0.8440999388694763, 0.8484926819801331, 0.8467700481414795, 0.8402239680290222, 0.8455641865730286, 0.8523686528205872, 0.8387596607208252, 0.8475452065467834, 0.840568482875824, 0.8397071361541748, 0.825150728225708, 0.8479759097099304, 0.841602087020874, 0.8366925120353699, 0.8388458490371704, 0.8440138101577759, 0.8403962254524231, 0.8297157883644104, 0.8447889685630798, 0.8439276218414307, 0.8416882157325745, 0.8335917592048645, 0.8438414931297302, 0.8335055708885193, 0.8449612259864807, 0.830232560634613, 0.8370370268821716, 0.841171383857727, 0.8408268690109253, 0.8510766625404358, 0.8447028398513794, 0.8448750972747803, 0.8426356315612793, 0.8457364439964294, 0.8424633741378784, 0.8420327305793762], "time_taken": "3995.43s"}