{"loss": [3.269939422607422, 0.49592673778533936, 0.36464381217956543, 0.342864066362381, 0.3290278911590576, 0.3170453608036041, 0.3125198483467102, 0.304955393075943, 0.29487505555152893, 0.28965824842453003, 0.28241604566574097, 0.27584409713745117, 0.26693055033683777, 0.26185140013694763, 0.2581486403942108, 0.2501809597015381, 0.24063971638679504, 0.2389683574438095, 0.23015418648719788, 0.22655488550662994, 0.2233084738254547, 0.21659180521965027, 0.20942693948745728, 0.20372088253498077, 0.20380493998527527, 0.19752685725688934, 0.18878263235092163, 0.1859799176454544, 0.18724922835826874, 0.18125028908252716, 0.17847220599651337, 0.17605195939540863, 0.1691991537809372, 0.16387876868247986, 0.15836405754089355, 0.15661931037902832, 0.15682844817638397, 0.1583758443593979, 0.14681440591812134, 0.14835478365421295, 0.1422051042318344, 0.14487215876579285, 0.13712427020072937, 0.13885420560836792, 0.13382242619991302, 0.12905913591384888, 0.13341163098812103], "accuracy": [0.7979758977890015, 0.8270456790924072, 0.8429371118545532, 0.8427218198776245, 0.8502153158187866, 0.8558570146560669, 0.8601205945014954, 0.8623169660568237, 0.868863046169281, 0.8707579970359802, 0.8754091262817383, 0.879328191280365, 0.8815675973892212, 0.8843238353729248, 0.888931930065155, 0.8900086283683777, 0.8970714807510376, 0.8955211043357849, 0.9002584218978882, 0.9015504121780396, 0.9038759469985962, 0.9091731309890747, 0.9105943441390991, 0.914814829826355, 0.9155038595199585, 0.9165374636650085, 0.9221791625022888, 0.9214470386505127, 0.9219207763671875, 0.9242463111877441, 0.9264427423477173, 0.9297157526016235, 0.9294142723083496, 0.9335917234420776, 0.9360895752906799, 0.936821699142456, 0.9364771842956543, 0.9354866743087769, 0.9403961896896362, 0.9388458132743835, 0.9437984228134155, 0.9432386159896851, 0.944013774394989, 0.9456502795219421, 0.9462101459503174, 0.9487510919570923, 0.9457364082336426], "val_loss": [0.7648789286613464, 0.4175754189491272, 0.3836159110069275, 0.3569229543209076, 0.37771251797676086, 0.4333381652832031, 0.34455394744873047, 0.3503357470035553, 0.37294241786003113, 0.3477576971054077, 0.3389248847961426, 0.3707398474216461, 0.3557373285293579, 0.34848713874816895, 0.3855322003364563, 0.3563649356365204, 0.36090946197509766, 0.403389573097229, 0.38305991888046265, 0.3881072998046875, 0.3802698254585266, 0.3897928297519684, 0.39118388295173645, 0.3753563165664673, 0.3705677390098572, 0.40368515253067017, 0.45560985803604126, 0.4331240653991699, 0.4033292829990387, 0.4502239227294922, 0.39871570467948914, 0.4219840466976166, 0.39665520191192627, 0.41797375679016113, 0.43769681453704834, 0.41803836822509766, 0.43404674530029297, 0.47378143668174744, 0.39252370595932007, 0.5777245759963989, 0.48231226205825806, 0.45507243275642395, 0.4542061984539032, 0.4508489668369293, 0.5014832615852356, 0.4935309588909149, 0.4509393870830536], "val_accuracy": [0.8023256063461304, 0.8304048180580139, 0.8321274518966675, 0.8421188592910767, 0.8373815417289734, 0.8155900239944458, 0.8426356315612793, 0.8457364439964294, 0.8494401574134827, 0.8453058004379272, 0.8521963953971863, 0.8387596607208252, 0.8416882157325745, 0.8530576825141907, 0.8463393449783325, 0.8462532162666321, 0.854780375957489, 0.8483204245567322, 0.8427218198776245, 0.8481481671333313, 0.8462532162666321, 0.850732147693634, 0.8491817116737366, 0.8490955829620361, 0.8509044051170349, 0.8526270389556885, 0.8384151458740234, 0.8489233255386353, 0.8404823541641235, 0.8523686528205872, 0.8527131676673889, 0.8385874032974243, 0.8509044051170349, 0.8491817116737366, 0.8472006916999817, 0.8536606431007385, 0.8542635440826416, 0.8294573426246643, 0.8461670875549316, 0.817829430103302, 0.8444444537162781, 0.8390181064605713, 0.8420327305793762, 0.8397932648658752, 0.8369508981704712, 0.8483204245567322, 0.8441860675811768], "time_taken": "3706.45s"}