{"loss": [3.101384162902832, 0.3431346118450165, 0.23691442608833313, 0.2173829823732376, 0.21179108321666718, 0.20155486464500427, 0.1943904608488083, 0.190548375248909, 0.18426987528800964, 0.17753513157367706, 0.17326968908309937, 0.1686800867319107, 0.16472840309143066, 0.16097690165042877, 0.15648196637630463, 0.1528415083885193, 0.1467418521642685, 0.14167946577072144, 0.13762661814689636, 0.13560204207897186, 0.13007155060768127, 0.1275782436132431, 0.12600262463092804, 0.1217162236571312, 0.11725874245166779, 0.11377211660146713, 0.11161863058805466, 0.11119820922613144, 0.10663839429616928, 0.1061990037560463, 0.100547656416893, 0.09668546915054321, 0.09375224262475967, 0.09351842105388641, 0.09061986207962036, 0.08697038888931274, 0.08835344016551971, 0.08668766915798187, 0.08401499688625336, 0.08293629437685013, 0.0815572664141655, 0.07887784391641617, 0.07863814383745193], "accuracy": [0.8702842593193054, 0.8932386040687561, 0.8979328274726868, 0.9021964073181152, 0.9029285311698914, 0.9078380465507507, 0.9123600125312805, 0.915719211101532, 0.9158914685249329, 0.9217915534973145, 0.9232127666473389, 0.9248061776161194, 0.92902672290802, 0.9292851090431213, 0.9331179857254028, 0.9340654611587524, 0.9372523427009583, 0.940267026424408, 0.9416881799697876, 0.9407407641410828, 0.944013774394989, 0.9461671113967896, 0.9465116262435913, 0.9487941265106201, 0.9515073299407959, 0.9530577063560486, 0.9525839686393738, 0.9543927907943726, 0.9558570384979248, 0.9584410190582275, 0.9588285684585571, 0.9610249996185303, 0.9620155096054077, 0.9619293808937073, 0.9637812376022339, 0.9653316140174866, 0.9643411040306091, 0.9647286534309387, 0.965417742729187, 0.9667097330093384, 0.9670112133026123, 0.9686046242713928, 0.9692506194114685], "val_loss": [0.7590593099594116, 0.4252111613750458, 0.4212256968021393, 0.3861413598060608, 0.39338427782058716, 0.3833610415458679, 0.39363181591033936, 0.38603195548057556, 0.3785119354724884, 0.3765679597854614, 0.39107879996299744, 0.41242891550064087, 0.37916821241378784, 0.3894922435283661, 0.40435415506362915, 0.43179526925086975, 0.39896538853645325, 0.4313012659549713, 0.41073134541511536, 0.45725423097610474, 0.3968173861503601, 0.4467506408691406, 0.43948107957839966, 0.508385181427002, 0.43997904658317566, 0.48442551493644714, 0.44351789355278015, 0.43722179532051086, 0.4681292772293091, 0.568700909614563, 0.4634803831577301, 0.5069111585617065, 0.5182657837867737, 0.49658307433128357, 0.5388011932373047, 0.5335527658462524, 0.515400230884552, 0.4796280264854431, 0.5790760517120361, 0.5489870309829712, 0.5772348046302795, 0.5415264964103699, 0.5453905463218689], "val_accuracy": [0.8127476572990417, 0.8215331435203552, 0.8196382522583008, 0.8336778879165649, 0.8322997689247131, 0.8275624513626099, 0.8367786407470703, 0.8382428884506226, 0.8363479971885681, 0.839362621307373, 0.8409129977226257, 0.8242893815040588, 0.846425473690033, 0.8377261161804199, 0.8436692357063293, 0.8367786407470703, 0.8444444537162781, 0.8420327305793762, 0.8442721962928772, 0.8281653523445129, 0.8415159583091736, 0.8387596607208252, 0.8402239680290222, 0.8384151458740234, 0.8421188592910767, 0.8392764925956726, 0.8377261161804199, 0.8415159583091736, 0.840568482875824, 0.8366925120353699, 0.8391903638839722, 0.836089551448822, 0.8425495028495789, 0.8400516510009766, 0.8339362740516663, 0.8333333134651184, 0.8382428884506226, 0.8359172940254211, 0.8344530463218689, 0.8322135806083679, 0.8335917592048645, 0.8399655222892761, 0.8377261161804199], "time_taken": "3404.39s"}