{"loss": [3.2784924507141113, 0.4215646982192993, 0.27156591415405273, 0.2440272867679596, 0.23781435191631317, 0.2310170829296112, 0.22561544179916382, 0.22046096622943878, 0.2172452211380005, 0.21932826936244965, 0.21305795013904572, 0.20896270871162415, 0.20265887677669525, 0.20115381479263306, 0.20018115639686584, 0.19687344133853912, 0.19111572206020355, 0.18904654681682587, 0.18779999017715454, 0.1806059628725052, 0.17884404957294464, 0.17594434320926666, 0.17371584475040436, 0.16848567128181458, 0.16856683790683746, 0.16514915227890015, 0.1630042940378189, 0.15930819511413574, 0.16275763511657715, 0.15646357834339142, 0.1515805572271347, 0.15197482705116272, 0.15177635848522186, 0.14759601652622223, 0.14009541273117065, 0.14546643197536469, 0.14166757464408875, 0.13979516923427582, 0.136100172996521, 0.13602766394615173, 0.13306404650211334, 0.13525421917438507, 0.13132789731025696, 0.12281890213489532, 0.12203489989042282, 0.12575963139533997, 0.11979969590902328, 0.11626190692186356, 0.11879538744688034, 0.11266445368528366, 0.11183272302150726], "accuracy": [0.8558570146560669, 0.8747631311416626, 0.8815245628356934, 0.8885443806648254, 0.8891903758049011, 0.8931093811988831, 0.8931093811988831, 0.8990955948829651, 0.8996124267578125, 0.8996554613113403, 0.9009905457496643, 0.9034883975982666, 0.9069767594337463, 0.9080103635787964, 0.9091300368309021, 0.9113695025444031, 0.9133936166763306, 0.9154608249664307, 0.9150301218032837, 0.9201119542121887, 0.919465959072113, 0.9214900732040405, 0.923040509223938, 0.9243324995040894, 0.9251076579093933, 0.9254952669143677, 0.9268302917480469, 0.9299741387367249, 0.928897500038147, 0.9312230944633484, 0.9349268078804016, 0.9326873421669006, 0.9334194660186768, 0.9370370507240295, 0.9387596845626831, 0.9361326694488525, 0.9391472935676575, 0.9392764568328857, 0.9409991502761841, 0.9419896602630615, 0.9429371356964111, 0.941171407699585, 0.9439276456832886, 0.9473298788070679, 0.9490094780921936, 0.9478467106819153, 0.9503445029258728, 0.9511628150939941, 0.9495693445205688, 0.9529284834861755, 0.954048216342926], "val_loss": [0.9268056154251099, 0.5736492276191711, 0.48368775844573975, 0.4563172459602356, 0.5057163834571838, 0.459134042263031, 0.4677485525608063, 0.46368756890296936, 0.4711719751358032, 0.44867604970932007, 0.5675490498542786, 0.5702732801437378, 0.4338991641998291, 0.4460380971431732, 0.5266760587692261, 0.4726066291332245, 0.4260958731174469, 0.5015539526939392, 0.45555761456489563, 0.4608684480190277, 0.5133843421936035, 0.6052979230880737, 0.47575196623802185, 0.4967344105243683, 0.49594542384147644, 0.4729260802268982, 0.5364899635314941, 0.5021519660949707, 0.48166847229003906, 0.4540344774723053, 0.5590759515762329, 0.6847794055938721, 0.520439863204956, 0.5309126973152161, 0.5565758943557739, 0.6032117009162903, 0.5748155117034912, 0.5739607810974121, 0.6014165282249451, 0.6937800049781799, 0.5501269102096558, 0.5527351498603821, 0.5889291167259216, 0.6680203676223755, 0.7186982035636902, 0.4884900748729706, 0.5968502163887024, 0.6504827737808228, 0.5880199670791626, 0.7072069644927979, 0.5927228927612305], "val_accuracy": [0.7698535919189453, 0.7699397206306458, 0.7832041382789612, 0.7885443568229675, 0.7894057035446167, 0.787424623966217, 0.7950043082237244, 0.7992247939109802, 0.8001722693443298, 0.8037898540496826, 0.7807924151420593, 0.7652024030685425, 0.8032730221748352, 0.7918174266815186, 0.7972437739372253, 0.8013781309127808, 0.8078380823135376, 0.7983635067939758, 0.8057708740234375, 0.8092162013053894, 0.8111972212791443, 0.7767441868782043, 0.7986218929290771, 0.8062877058982849, 0.7981911897659302, 0.8080103397369385, 0.8029285073280334, 0.8058570027351379, 0.8052541017532349, 0.8080103397369385, 0.7784668207168579, 0.7714900970458984, 0.809732973575592, 0.7944014072418213, 0.8018949031829834, 0.8098191022872925, 0.778294563293457, 0.8027562499046326, 0.7960379123687744, 0.7923341989517212, 0.8045650124549866, 0.8064599633216858, 0.8077519536018372, 0.7890611290931702, 0.7979328036308289, 0.8080103397369385, 0.8077519536018372, 0.7924203276634216, 0.8051679730415344, 0.771403968334198, 0.8058570027351379], "time_taken": "1828.85s"}