{"loss": [3.2111127376556396, 0.3568675220012665, 0.23084180057048798, 0.20561060309410095, 0.19529937207698822, 0.18957139551639557, 0.17743156850337982, 0.16921448707580566, 0.1644325852394104, 0.1599985659122467, 0.15146902203559875, 0.14471188187599182, 0.14020773768424988, 0.13841529190540314, 0.13092860579490662, 0.1269238144159317, 0.12399262934923172, 0.1183001920580864, 0.11634911596775055, 0.11041196435689926, 0.10843684524297714, 0.10407419502735138, 0.09923508763313293, 0.09822868555784225, 0.09352969378232956, 0.09137845784425735, 0.08481955528259277, 0.088254913687706, 0.08249346911907196, 0.08253718167543411, 0.07803191989660263, 0.07355041801929474, 0.07304423302412033, 0.07356607913970947, 0.06932223588228226, 0.06683379411697388, 0.06396112591028214, 0.06299541145563126, 0.06259293854236603, 0.05969439446926117, 0.05909784510731697, 0.05739631503820419, 0.05709390342235565], "accuracy": [0.8745047450065613, 0.8945736289024353, 0.9005598425865173, 0.9089147448539734, 0.9102928638458252, 0.9143410921096802, 0.9222221970558167, 0.9253230094909668, 0.9267011284828186, 0.930835485458374, 0.9335917234420776, 0.9377691745758057, 0.9397501945495605, 0.940267026424408, 0.9430232644081116, 0.9461671113967896, 0.9476313591003418, 0.9516795873641968, 0.9508613348007202, 0.9552110433578491, 0.9548664689064026, 0.9574074149131775, 0.9589147567749023, 0.9582687616348267, 0.9633505344390869, 0.9637381434440613, 0.9656761288642883, 0.9645563960075378, 0.9661068320274353, 0.9672695994377136, 0.9681309461593628, 0.971274733543396, 0.9713609218597412, 0.9713609218597412, 0.9726529121398926, 0.9735572934150696, 0.9744616746902466, 0.9748923182487488, 0.9755383133888245, 0.9763996601104736, 0.9765719175338745, 0.9776485562324524, 0.9779070019721985], "val_loss": [0.875713050365448, 0.49167925119400024, 0.4157707691192627, 0.42357322573661804, 0.43797364830970764, 0.3961920738220215, 0.4003875255584717, 0.38388365507125854, 0.3939981460571289, 0.41312193870544434, 0.4051453173160553, 0.5125267505645752, 0.39368772506713867, 0.44354134798049927, 0.4501957297325134, 0.4653993546962738, 0.4850381910800934, 0.48616743087768555, 0.45688849687576294, 0.4986729025840759, 0.44649624824523926, 0.48413607478141785, 0.4560061991214752, 0.4741121232509613, 0.4810791313648224, 0.48786085844039917, 0.5230083465576172, 0.5241510272026062, 0.579316258430481, 0.5849407911300659, 0.5325737595558167, 0.6352889537811279, 0.5328378677368164, 0.4779351055622101, 0.5857517123222351, 0.5533180236816406, 0.5833348631858826, 0.60041743516922, 0.6851658225059509, 0.7898136973381042, 0.6924300789833069, 0.5636264681816101, 0.5363937616348267], "val_accuracy": [0.7838931679725647, 0.7903531193733215, 0.8112833499908447, 0.8211886286735535, 0.8133505582809448, 0.8265288472175598, 0.830232560634613, 0.838329017162323, 0.8341946601867676, 0.8277347087860107, 0.8336778879165649, 0.8273040652275085, 0.8454780578613281, 0.8322135806083679, 0.8295434713363647, 0.8366063833236694, 0.8316968083381653, 0.8323858976364136, 0.8385874032974243, 0.8294573426246643, 0.8337640166282654, 0.8331610560417175, 0.8369508981704712, 0.8329887986183167, 0.832041323184967, 0.835486650466919, 0.8288544416427612, 0.8309215903282166, 0.8298880457878113, 0.813781201839447, 0.8321274518966675, 0.8185185194015503, 0.8275624513626099, 0.8280792236328125, 0.8300603032112122, 0.832041323184967, 0.8304048180580139, 0.8343669176101685, 0.8226528763771057, 0.813178300857544, 0.8264427185058594, 0.8388458490371704, 0.8325581550598145], "time_taken": "2626.20s"}