{"loss": [3.0979368686676025, 0.35199210047721863, 0.23992279171943665, 0.2164803147315979, 0.20877280831336975, 0.2002214789390564, 0.1959681659936905, 0.1874009370803833, 0.18626630306243896, 0.1781066209077835, 0.17382203042507172, 0.16718801856040955, 0.16446524858474731, 0.15846598148345947, 0.15701846778392792, 0.1489327996969223, 0.14562100172042847, 0.14171911776065826, 0.13988327980041504, 0.1322910189628601, 0.12936998903751373, 0.1265641748905182, 0.12281620502471924, 0.11684681475162506, 0.11635353416204453, 0.11146986484527588, 0.10969160497188568, 0.10673148930072784, 0.10288221389055252, 0.10396168380975723, 0.09831748157739639, 0.09743640571832657, 0.09758071601390839, 0.09245972335338593, 0.08941885828971863, 0.08888473361730576, 0.08756492286920547, 0.08674634248018265, 0.08410316705703735, 0.0803014412522316, 0.08343303203582764, 0.07957202941179276, 0.07459074258804321, 0.07927265763282776, 0.07192791253328323, 0.07268902659416199, 0.07074113935232162, 0.0694165900349617, 0.06576605886220932, 0.06643343716859818], "accuracy": [0.8734281063079834, 0.8912144899368286, 0.8971145749092102, 0.9007751941680908, 0.9042635560035706, 0.9086132645606995, 0.9118001461029053, 0.9146856069564819, 0.9144702553749084, 0.9204134345054626, 0.9227820634841919, 0.9252799153327942, 0.9274332523345947, 0.9290697574615479, 0.9313092231750488, 0.9355728030204773, 0.9368647933006287, 0.9364340901374817, 0.939362645149231, 0.9437122941017151, 0.9435831308364868, 0.9482773542404175, 0.9482342600822449, 0.950430691242218, 0.9531008005142212, 0.9530577063560486, 0.9552110433578491, 0.9554263353347778, 0.957192063331604, 0.9574504494667053, 0.959130048751831, 0.9607665538787842, 0.9602067470550537, 0.9621016383171082, 0.9631352424621582, 0.9640396237373352, 0.965288519859314, 0.9661068320274353, 0.9658483862876892, 0.9680017232894897, 0.9678294658660889, 0.9677863717079163, 0.9709302186965942, 0.9684754610061646, 0.9719638228416443, 0.9722222089767456, 0.9721791744232178, 0.9730404615402222, 0.9741171598434448, 0.9751076698303223], "val_loss": [0.7224993109703064, 0.42145711183547974, 0.4048299491405487, 0.4392804503440857, 0.3745492696762085, 0.3774855136871338, 0.378047376871109, 0.47355395555496216, 0.3788439631462097, 0.3730754256248474, 0.36733025312423706, 0.38428109884262085, 0.5138296484947205, 0.3833485245704651, 0.3919467628002167, 0.43880030512809753, 0.3886945843696594, 0.3758307099342346, 0.38987794518470764, 0.3712715208530426, 0.39320772886276245, 0.4344395697116852, 0.44257408380508423, 0.438603013753891, 0.42471927404403687, 0.7352537512779236, 0.41779235005378723, 0.4031241536140442, 0.4975753426551819, 0.47045737504959106, 0.5545841455459595, 0.46555426716804504, 0.433968186378479, 0.477031946182251, 0.4668157696723938, 0.5616936683654785, 0.4750904142856598, 0.49746763706207275, 0.5031360387802124, 0.7087000608444214, 0.45745977759361267, 0.5131226778030396, 0.4897434413433075, 0.44668087363243103, 0.5361698865890503, 0.45325717329978943, 0.5280031561851501, 0.47346004843711853, 0.5715678334236145, 0.4864782989025116], "val_accuracy": [0.8155900239944458, 0.823341965675354, 0.8142980337142944, 0.8051679730415344, 0.8304048180580139, 0.8290266990661621, 0.8316968083381653, 0.8138673305511475, 0.831438422203064, 0.8394487500190735, 0.836520254611969, 0.8335917592048645, 0.7996554970741272, 0.8371231555938721, 0.8391042351722717, 0.8366063833236694, 0.8397932648658752, 0.8413436412811279, 0.8441860675811768, 0.8465977311134338, 0.8462532162666321, 0.8378983736038208, 0.8190352916717529, 0.8435831069946289, 0.8430663347244263, 0.7816537618637085, 0.8433247208595276, 0.8460809588432312, 0.8357450366020203, 0.8217054009437561, 0.8139534592628479, 0.8262704610824585, 0.8438414931297302, 0.8347975611686707, 0.8381567597389221, 0.8329026699066162, 0.8359172940254211, 0.8254091143608093, 0.8407407402992249, 0.774246335029602, 0.844616711139679, 0.8343669176101685, 0.835486650466919, 0.8337640166282654, 0.8395348787307739, 0.8412575125694275, 0.8283376693725586, 0.837553858757019, 0.8379845023155212, 0.842807948589325], "time_taken": "3929.54s"}