{"loss": [3.2203235626220703, 0.358416348695755, 0.22503964602947235, 0.20336394011974335, 0.19125691056251526, 0.1824660301208496, 0.17666228115558624, 0.16534335911273956, 0.15857818722724915, 0.15533682703971863, 0.15036281943321228, 0.1418633610010147, 0.13998985290527344, 0.13266180455684662, 0.1306527554988861, 0.12657661736011505, 0.12023656815290451, 0.11821603775024414, 0.11336328089237213, 0.10799036175012589, 0.10693003237247467, 0.10114890336990356, 0.09663015604019165, 0.09649351239204407, 0.09593719989061356, 0.08773138374090195, 0.08911336958408356, 0.0840981975197792, 0.08160647749900818, 0.07890475541353226, 0.0779365673661232, 0.07521356642246246, 0.07453218847513199, 0.07228817045688629, 0.06870768964290619, 0.06874904781579971, 0.06748371571302414, 0.06477048248052597, 0.0650540217757225, 0.06220991909503937, 0.06089501082897186, 0.05889075994491577, 0.059027981013059616, 0.057348452508449554, 0.05761033296585083], "accuracy": [0.8712316751480103, 0.8954349756240845, 0.9058570265769958, 0.90973299741745, 0.9160637259483337, 0.9195520877838135, 0.9217915534973145, 0.9262704849243164, 0.9305340051651001, 0.9330318570137024, 0.9349698424339294, 0.9380706548690796, 0.940869927406311, 0.9440568685531616, 0.9448751211166382, 0.9473298788070679, 0.948492705821991, 0.9500430822372437, 0.9523255825042725, 0.954048216342926, 0.9570629000663757, 0.9583117961883545, 0.9606373906135559, 0.9602928757667542, 0.9608957767486572, 0.9640396237373352, 0.9653316140174866, 0.9667958617210388, 0.9674849510192871, 0.968561589717865, 0.969595193862915, 0.9704564809799194, 0.9699397087097168, 0.9718776941299438, 0.9735572934150696, 0.9729543328285217, 0.973944902420044, 0.974849283695221, 0.9752799272537231, 0.9760551452636719, 0.9775193929672241, 0.9770886898040771, 0.9764426946640015, 0.978596031665802, 0.9782945513725281], "val_loss": [0.8607944846153259, 0.4455147385597229, 0.4303976595401764, 0.40120700001716614, 0.4481847882270813, 0.39998602867126465, 0.40560707449913025, 0.4413231313228607, 0.3863765299320221, 0.36368829011917114, 0.4088466763496399, 0.4206005930900574, 0.4497813880443573, 0.4172267019748688, 0.4081975221633911, 0.4120015799999237, 0.5512770414352417, 0.4059864282608032, 0.4395303428173065, 0.4521271288394928, 0.5298808217048645, 0.44165512919425964, 0.525536835193634, 0.6666672825813293, 0.4573670029640198, 0.43833062052726746, 0.4999964237213135, 0.5594778656959534, 0.47282084822654724, 0.4836689829826355, 0.5307238101959229, 0.4981605112552643, 0.515575647354126, 0.5240473747253418, 0.5039807558059692, 0.6470471620559692, 0.49254146218299866, 0.553691565990448, 0.5390164852142334, 0.5605693459510803, 0.4559740126132965, 0.5338338017463684, 0.6126784086227417, 0.48537081480026245, 0.5551068186759949], "val_accuracy": [0.7767441868782043, 0.8124892115592957, 0.8043927550315857, 0.8252368569374084, 0.7807924151420593, 0.8239448666572571, 0.8300603032112122, 0.8186046481132507, 0.8359172940254211, 0.8381567597389221, 0.8238587379455566, 0.8398793935775757, 0.8180017471313477, 0.8331610560417175, 0.841602087020874, 0.8382428884506226, 0.8054263591766357, 0.8376399874687195, 0.8366925120353699, 0.8341085314750671, 0.7952626943588257, 0.8386735320091248, 0.8306632041931152, 0.7847545146942139, 0.8378983736038208, 0.833247184753418, 0.8308354616165161, 0.8220499753952026, 0.8329026699066162, 0.8309215903282166, 0.823341965675354, 0.8353143930435181, 0.8293712139129639, 0.8167097568511963, 0.8362618684768677, 0.8279930949211121, 0.8232558369636536, 0.8336778879165649, 0.8225667476654053, 0.8312661647796631, 0.8167958855628967, 0.8290266990661621, 0.8310077786445618, 0.8279930949211121, 0.8300603032112122], "time_taken": "2715.73s"}