{"loss": [3.2446815967559814, 0.40925905108451843, 0.26936089992523193, 0.2510766088962555, 0.23640893399715424, 0.23130907118320465, 0.2242305427789688, 0.2214512974023819, 0.21805717051029205, 0.2112996131181717, 0.2062622755765915, 0.20432865619659424, 0.19903770089149475, 0.1940401792526245, 0.19577009975910187, 0.19041527807712555, 0.1897042691707611, 0.18307779729366302, 0.18448464572429657, 0.17868363857269287, 0.17721936106681824, 0.17351596057415009, 0.17024676501750946, 0.16537690162658691, 0.16631148755550385, 0.1626913696527481, 0.15834888815879822, 0.15784797072410583, 0.15824860334396362, 0.15675634145736694, 0.15123027563095093, 0.14772820472717285, 0.1463971883058548, 0.14540347456932068, 0.14134718477725983, 0.14006033539772034, 0.13710160553455353, 0.13430827856063843, 0.13446278870105743, 0.13520456850528717, 0.12783269584178925, 0.13046488165855408, 0.12170960009098053, 0.12227489054203033, 0.12352477014064789, 0.12252190709114075, 0.11528855562210083, 0.1177639290690422, 0.11472389101982117, 0.11292385309934616, 0.10848214477300644, 0.10735876113176346, 0.10368970781564713, 0.10935070365667343, 0.10595445334911346, 0.10469721257686615, 0.09818513691425323, 0.09629081934690475, 0.09642630815505981, 0.09619411826133728, 0.09508032351732254, 0.09426073729991913, 0.09003151208162308, 0.09591484814882278, 0.09101498126983643, 0.08802860230207443, 0.08764953166246414, 0.089507095515728, 0.08507457375526428, 0.0832599475979805, 0.0801926702260971, 0.08475373685359955, 0.08108935505151749, 0.08204105496406555, 0.08041553944349289, 0.07773378491401672, 0.07543207705020905, 0.07879309356212616, 0.07711896300315857, 0.07512441277503967], "accuracy": [0.8472868204116821, 0.8770456314086914, 0.8834625482559204, 0.8829026818275452, 0.8898363709449768, 0.8926356434822083, 0.8957794904708862, 0.8966838717460632, 0.900301456451416, 0.9043927788734436, 0.9055125117301941, 0.9050818085670471, 0.9102497696876526, 0.9109818935394287, 0.9127907156944275, 0.9132644534111023, 0.9134367108345032, 0.9174418449401855, 0.9170973300933838, 0.9215331673622131, 0.9204995632171631, 0.9229974150657654, 0.9231266379356384, 0.9260120391845703, 0.9275193810462952, 0.9286821484565735, 0.9304909706115723, 0.9310938715934753, 0.930835485458374, 0.9306201338768005, 0.9347975850105286, 0.9351420998573303, 0.9353143572807312, 0.9376830458641052, 0.9396210312843323, 0.9404392838478088, 0.9401808977127075, 0.9437553882598877, 0.941171407699585, 0.9428940415382385, 0.9444875121116638, 0.9461240172386169, 0.9494832158088684, 0.9490525126457214, 0.9473298788070679, 0.9478036165237427, 0.9520241022109985, 0.9517657160758972, 0.9527562260627747, 0.9521963596343994, 0.9541774392127991, 0.9559000730514526, 0.9565891623497009, 0.9537037014961243, 0.9572351574897766, 0.95538330078125, 0.9605512619018555, 0.9593454003334045, 0.9600344300270081, 0.9608957767486572, 0.9615848660469055, 0.9626615047454834, 0.9629629850387573, 0.9609388709068298, 0.9633936285972595, 0.9645563960075378, 0.9658053517341614, 0.9647286534309387, 0.9645994901657104, 0.9664943814277649, 0.9681309461593628, 0.967657208442688, 0.9676141142845154, 0.9673126339912415, 0.967226505279541, 0.9694229364395142, 0.9697674512863159, 0.9681739807128906, 0.9700258374214172, 0.9699828028678894], "val_loss": [0.8862736225128174, 0.49699851870536804, 0.45798632502555847, 0.44255566596984863, 0.4688361883163452, 0.44322702288627625, 0.4644138514995575, 0.4576154947280884, 0.5463624596595764, 0.45029205083847046, 0.5211750864982605, 0.44153842329978943, 0.43404582142829895, 0.44946983456611633, 0.4990253448486328, 0.47412005066871643, 0.45801231265068054, 0.4719981551170349, 0.4491521716117859, 0.5627613663673401, 0.4529666006565094, 0.4761417508125305, 0.4517629146575928, 0.4882713258266449, 0.4447034001350403, 0.47046878933906555, 0.6038700342178345, 0.5841742157936096, 0.4684595465660095, 0.4625598192214966, 0.6292776465415955, 0.521198570728302, 0.48523837327957153, 0.508020281791687, 0.5019157528877258, 0.5773153305053711, 0.5299277901649475, 0.5115169286727905, 0.5026869773864746, 0.4584652781486511, 0.7550777792930603, 0.5320899486541748, 0.5409313440322876, 0.5910341143608093, 0.5368764400482178, 0.5308773517608643, 0.5161074995994568, 0.5097296833992004, 0.6692548394203186, 0.5382786989212036, 0.5892438292503357, 0.5415402054786682, 0.609474778175354, 0.6152445673942566, 0.5039048790931702, 0.7032483816146851, 0.591916561126709, 0.5677933096885681, 0.5493561029434204, 0.5707800984382629, 0.578163743019104, 0.5331054925918579, 0.6175273656845093, 0.5902065634727478, 0.6368456482887268, 0.6570742726325989, 0.7138357162475586, 0.6210639476776123, 0.6717166304588318, 0.6700703501701355, 0.6934850215911865, 0.6102412343025208, 0.6336450576782227, 0.6655603647232056, 0.5679811835289001, 0.6519201993942261, 0.7151802778244019, 0.6551270484924316, 0.7079609036445618, 0.6999001502990723], "val_accuracy": [0.7730404734611511, 0.782342791557312, 0.7824289202690125, 0.7937984466552734, 0.7931955456733704, 0.7883720993995667, 0.7752799391746521, 0.7925925850868225, 0.7790697813034058, 0.7961240410804749, 0.7834625244140625, 0.7993109226226807, 0.8056847453117371, 0.8014642596244812, 0.7925925850868225, 0.782342791557312, 0.8027562499046326, 0.8058570027351379, 0.8085271120071411, 0.7706287503242493, 0.8017226457595825, 0.8039621114730835, 0.8065460920333862, 0.8036175966262817, 0.8043066263198853, 0.8012920022010803, 0.7738156914710999, 0.7924203276634216, 0.8005167841911316, 0.8048233985900879, 0.7768303155899048, 0.802842378616333, 0.8047372698783875, 0.7973299026489258, 0.8036175966262817, 0.7970715165138245, 0.8022394776344299, 0.8034452795982361, 0.7973299026489258, 0.8044788837432861, 0.7763996720314026, 0.8012920022010803, 0.7901808619499207, 0.7933678030967712, 0.7996554970741272, 0.8100775480270386, 0.7929370999336243, 0.8029285073280334, 0.8022394776344299, 0.8103359341621399, 0.7957795262336731, 0.8092162013053894, 0.7975021600723267, 0.785615861415863, 0.8064599633216858, 0.787424623966217, 0.7956933975219727, 0.7983635067939758, 0.8085271120071411, 0.7836347818374634, 0.7925064563751221, 0.8070628643035889, 0.7979328036308289, 0.8051679730415344, 0.7963824272155762, 0.7901808619499207, 0.7826873660087585, 0.7956933975219727, 0.7898363471031189, 0.7762274146080017, 0.7905254364013672, 0.7967269420623779, 0.7913005948066711, 0.7885443568229675, 0.8043066263198853, 0.7905254364013672, 0.7866494655609131, 0.7939707040786743, 0.7962962985038757, 0.7813953757286072], "time_taken": "2840.58s"}